group_id,pool,label,src_class,path
454,A,low,low,data/images/train/low/00018.jpg
542,A,low,low,data/images/train/low/00106.jpg
648,A,low,low,data/images/train/low/00212.jpg
671,A,low,low,data/images/train/low/00235.jpg
812,A,low,low,data/images/train/low/00377.jpg
1074,A,low,low,data/images/train/low/00639.jpg
1125,A,low,low,data/images/train/low/00691.jpg
1255,A,low,low,data/images/train/low/00821.jpg
1305,A,low,low,data/images/train/low/00872.jpg
1412,A,low,low,data/images/train/low/00979.jpg
1465,A,low,low,data/images/train/low/01032.jpg
1477,A,low,low,data/images/train/low/01044.jpg
1487,A,low,low,data/images/train/low/01054.jpg
1859,A,low,low,data/images/train/low/01430.jpg
1937,A,low,low,data/images/train/low/01509.jpg
1979,A,low,low,data/images/train/low/01551.jpg
2268,A,low,low,data/images/train/low/01841.jpg
2334,A,low,low,data/images/train/low/01908.jpg
2365,A,low,low,data/images/train/low/01939.jpg
2517,A,low,low,data/images/train/low/02091.jpg
2534,A,low,low,data/images/train/low/02108.jpg
2604,A,low,low,data/images/train/low/02178.jpg
2644,A,low,low,data/images/train/low/02218.jpg
2703,A,low,low,data/images/train/low/02278.jpg
2715,A,low,low,data/images/train/low/02291.jpg
2757,A,low,low,data/images/train/low/02333.jpg
2762,A,low,low,data/images/train/low/02338.jpg
2775,A,low,low,data/images/train/low/02351.jpg
3016,A,low,low,data/images/train/low/02595.jpg
3018,A,low,low,data/images/train/low/02597.jpg
3050,A,low,low,data/images/train/low/02629.jpg
3242,A,low,low,data/images/train/low/02821.jpg
3284,A,low,low,data/images/train/low/02863.jpg
3414,A,low,low,data/images/train/low/02996.jpg
3475,A,low,low,data/images/train/low/03058.jpg
3506,A,low,low,data/images/train/low/03090.jpg
3605,A,low,low,data/images/train/low/03190.jpg
3605,A,low,low,data/images/train/low/10435.jpg
3605,A,low,low,data/images/train/low/17470.jpg
3745,A,low,low,data/images/train/low/03330.jpg
3785,A,low,low,data/images/train/low/03372.jpg
3794,A,low,low,data/images/train/low/03382.jpg
3922,A,low,low,data/images/train/low/03511.jpg
4028,A,low,low,data/images/train/low/03617.jpg
4084,A,low,low,data/images/train/low/03673.jpg
4091,A,low,low,data/images/train/low/03680.jpg
4101,A,low,low,data/images/train/low/03691.jpg
4189,A,low,low,data/images/train/low/03781.jpg
4401,A,low,low,data/images/train/low/03996.jpg
4526,A,low,low,data/images/train/low/04122.jpg
4556,A,low,low,data/images/train/low/04152.jpg
4643,A,low,low,data/images/train/low/04241.jpg
4968,A,low,low,data/images/train/low/04567.jpg
5008,A,low,low,data/images/train/low/04607.jpg
5011,A,low,low,data/images/train/low/04610.jpg
5117,A,low,low,data/images/train/low/04718.jpg
5444,A,low,low,data/images/train/low/05053.jpg
5530,A,low,low,data/images/train/low/05139.jpg
5618,A,low,low,data/images/train/low/05227.jpg
5667,A,low,low,data/images/train/low/05277.jpg
5678,A,low,low,data/images/train/low/05288.jpg
5729,A,low,low,data/images/train/low/05340.jpg
5765,A,low,low,data/images/train/low/05377.jpg
5790,A,low,low,data/images/train/low/05402.jpg
5846,A,low,low,data/images/train/low/05458.jpg
6043,A,low,low,data/images/train/low/05657.jpg
6290,A,low,low,data/images/train/low/05908.jpg
6736,A,low,low,data/images/train/low/06364.jpg
6951,A,low,low,data/images/train/low/06581.jpg
6953,A,low,low,data/images/train/low/06583.jpg
7027,A,low,low,data/images/train/low/06659.jpg
7301,A,low,low,data/images/train/low/06938.jpg
7301,A,low,low,data/images/train/low/16204.jpg
7349,A,low,low,data/images/train/low/06988.jpg
7349,A,low,low,data/images/train/low/18391.jpg
7376,A,low,low,data/images/train/low/07016.jpg
7403,A,low,low,data/images/train/low/07044.jpg
7491,A,low,low,data/images/train/low/07132.jpg
7600,A,low,low,data/images/train/low/07242.jpg
7622,A,low,low,data/images/train/low/07264.jpg
7632,A,low,low,data/images/train/low/07274.jpg
7652,A,low,low,data/images/train/low/07294.jpg
7659,A,low,low,data/images/train/low/07302.jpg
7750,A,low,low,data/images/train/low/07394.jpg
7798,A,low,low,data/images/train/low/07444.jpg
7903,A,low,low,data/images/train/low/07554.jpg
7937,A,low,low,data/images/train/low/07590.jpg
7941,A,low,low,data/images/train/low/07594.jpg
7976,A,low,low,data/images/train/low/07629.jpg
8059,A,low,low,data/images/train/low/07713.jpg
8064,A,low,low,data/images/train/low/07718.jpg
8064,A,low,low,data/images/train/low/12623.jpg
8234,A,low,low,data/images/train/low/07890.jpg
8282,A,low,low,data/images/train/low/07940.jpg
8328,A,low,low,data/images/train/low/07987.jpg
8457,A,low,low,data/images/train/low/08119.jpg
8460,A,low,low,data/images/train/low/08122.jpg
8517,A,low,low,data/images/train/low/08180.jpg
8559,A,low,low,data/images/train/low/08222.jpg
8674,A,low,low,data/images/train/low/08340.jpg
9045,A,low,low,data/images/train/low/08717.jpg
9066,A,low,low,data/images/train/low/08739.jpg
9103,A,low,low,data/images/train/low/08777.jpg
9115,A,low,low,data/images/train/low/08789.jpg
9121,A,low,low,data/images/train/low/08795.jpg
9179,A,low,low,data/images/train/low/08856.jpg
9184,A,low,low,data/images/train/low/08861.jpg
9209,A,low,low,data/images/train/low/08886.jpg
9281,A,low,low,data/images/train/low/08959.jpg
9448,A,low,low,data/images/train/low/09131.jpg
9541,A,low,low,data/images/train/low/09229.jpg
9544,A,low,low,data/images/train/low/09232.jpg
9551,A,low,low,data/images/train/low/09239.jpg
9561,A,low,low,data/images/train/low/09249.jpg
9918,A,low,low,data/images/train/low/09609.jpg
10042,A,low,low,data/images/train/low/09734.jpg
10053,A,low,low,data/images/train/low/09745.jpg
10215,A,low,low,data/images/train/low/09912.jpg
10512,A,low,low,data/images/train/low/10219.jpg
10650,A,low,low,data/images/train/low/10357.jpg
10747,A,low,low,data/images/train/low/10463.jpg
10772,A,low,low,data/images/train/low/10490.jpg
11057,A,low,low,data/images/train/low/10780.jpg
11062,A,low,low,data/images/train/low/10785.jpg
11263,A,low,low,data/images/train/low/10995.jpg
11465,A,low,low,data/images/train/low/11206.jpg
11465,A,low,low,data/images/train/low/14755.jpg
11514,A,low,low,data/images/train/low/11256.jpg
11582,A,low,low,data/images/train/low/11327.jpg
11585,A,low,low,data/images/train/low/11330.jpg
11706,A,low,low,data/images/train/low/11453.jpg
12077,A,low,low,data/images/train/low/11839.jpg
12199,A,low,low,data/images/train/low/11962.jpg
12286,A,low,low,data/images/train/low/12051.jpg
12297,A,low,low,data/images/train/low/12062.jpg
12330,A,low,low,data/images/train/low/12096.jpg
12390,A,low,low,data/images/train/low/12158.jpg
12566,A,low,low,data/images/train/low/12341.jpg
12672,A,low,low,data/images/train/low/12452.jpg
12688,A,low,low,data/images/train/low/12470.jpg
12839,A,low,low,data/images/train/low/12629.jpg
12869,A,low,low,data/images/train/low/12661.jpg
12885,A,low,low,data/images/train/low/12678.jpg
12891,A,low,low,data/images/train/low/12684.jpg
12940,A,low,low,data/images/train/low/12735.jpg
13044,A,low,low,data/images/train/low/12842.jpg
13400,A,low,low,data/images/train/low/13209.jpg
13510,A,low,low,data/images/train/low/13321.jpg
13523,A,low,low,data/images/train/low/13334.jpg
13523,A,low,low,data/images/train/low/13854.jpg
13581,A,low,low,data/images/train/low/13393.jpg
14182,A,low,low,data/images/train/low/14017.jpg
14261,A,low,low,data/images/train/low/14096.jpg
14269,A,low,low,data/images/train/low/14105.jpg
14284,A,low,low,data/images/train/low/14121.jpg
14301,A,low,low,data/images/train/low/14138.jpg
14474,A,low,low,data/images/train/low/14314.jpg
14682,A,low,low,data/images/train/low/14528.jpg
14791,A,low,low,data/images/train/low/14638.jpg
15155,A,low,low,data/images/train/low/15015.jpg
15230,A,low,low,data/images/train/low/15092.jpg
15293,A,low,low,data/images/train/low/15155.jpg
15303,A,low,low,data/images/train/low/15165.jpg
15471,A,low,low,data/images/train/low/15339.jpg
15490,A,low,low,data/images/train/low/15358.jpg
15583,A,low,low,data/images/train/low/15456.jpg
15773,A,low,low,data/images/train/low/15651.jpg
16010,A,low,low,data/images/train/low/15900.jpg
16342,A,low,low,data/images/train/low/16244.jpg
16360,A,low,low,data/images/train/low/16263.jpg
16446,A,low,low,data/images/train/low/16350.jpg
16607,A,low,low,data/images/train/low/16519.jpg
16794,A,low,low,data/images/train/low/16711.jpg
16839,A,low,low,data/images/train/low/16758.jpg
16995,A,low,low,data/images/train/low/16921.jpg
17071,A,low,low,data/images/train/low/16999.jpg
17132,A,low,low,data/images/train/low/17062.jpg
17283,A,low,low,data/images/train/low/17226.jpg
17395,A,low,low,data/images/train/low/17342.jpg
17726,A,low,low,data/images/train/low/17691.jpg
17774,A,low,low,data/images/train/low/17739.jpg
17814,A,low,low,data/images/train/low/17780.jpg
17891,A,low,low,data/images/train/low/17860.jpg
17938,A,low,low,data/images/train/low/17909.jpg
18007,A,low,low,data/images/train/low/17979.jpg
18031,A,low,low,data/images/train/low/18006.jpg
18097,A,low,low,data/images/train/low/18078.jpg
18107,A,low,low,data/images/train/low/18088.jpg
18110,A,low,low,data/images/train/low/18091.jpg
18292,A,low,low,data/images/train/low/18284.jpg
18306,A,low,low,data/images/train/low/18298.jpg
18451,A,low,low,data/images/train/low/18450.jpg
18525,A,low,low,data/images/train/low/18525.jpg
18564,A,low,low,data/images/train/low/18572.jpg
18586,A,low,low,data/images/train/low/18594.jpg
18686,A,low,low,data/images/train/low/18701.jpg
18826,A,low,low,data/images/train/low/18848.jpg
18830,A,low,low,data/images/train/low/18852.jpg
19021,A,low,low,data/images/train/low/19049.jpg
19027,A,low,low,data/images/train/low/19055.jpg
19354,A,low,low,data/images/train/low/19406.jpg
19557,A,low,low,data/images/train/low/19616.jpg
19591,A,low,low,data/images/train/low/19653.jpg
19713,A,low,low,data/images/train/low/19782.jpg
19718,A,low,low,data/images/train/low/19787.jpg
19745,A,low,low,data/images/train/low/19815.jpg
19785,A,low,low,data/images/train/low/19859.jpg
19925,B,low,moderate,data/images/train/moderate/00007.jpg
19928,B,low,moderate,data/images/train/moderate/00010.jpg
19946,B,low,moderate,data/images/train/moderate/00028.jpg
19946,B,low,moderate,data/images/train/moderate/19519.jpg
19954,B,low,moderate,data/images/train/moderate/00036.jpg
19972,B,low,moderate,data/images/train/moderate/00054.jpg
19977,B,moderate,moderate,data/images/train/moderate/00059.jpg
19977,B,moderate,moderate,data/images/train/moderate/05577.jpg
20025,B,high,moderate,data/images/train/moderate/00107.jpg
20036,B,moderate,moderate,data/images/train/moderate/00118.jpg
20036,B,moderate,moderate,data/images/train/moderate/05668.jpg
20047,B,moderate,moderate,data/images/train/moderate/00129.jpg
20071,B,moderate,moderate,data/images/train/moderate/00153.jpg
20071,B,moderate,moderate,data/images/train/moderate/05701.jpg
20077,B,high,moderate,data/images/train/moderate/00159.jpg
20077,B,high,moderate,data/images/train/moderate/05707.jpg
20107,B,high,moderate,data/images/train/moderate/00189.jpg
20160,B,moderate,moderate,data/images/train/moderate/00242.jpg
20238,B,low,moderate,data/images/train/moderate/00320.jpg
20238,B,low,moderate,data/images/train/moderate/05864.jpg
20263,B,moderate,moderate,data/images/train/moderate/00345.jpg
20306,B,low,moderate,data/images/train/moderate/00388.jpg
20319,B,moderate,moderate,data/images/train/moderate/00401.jpg
20319,B,moderate,moderate,data/images/train/moderate/05914.jpg
20325,B,moderate,moderate,data/images/train/moderate/00407.jpg
20325,B,moderate,moderate,data/images/train/moderate/05920.jpg
20328,B,moderate,moderate,data/images/train/moderate/00410.jpg
20328,B,moderate,moderate,data/images/train/moderate/05923.jpg
20353,B,low,moderate,data/images/train/moderate/00435.jpg
20371,B,low,moderate,data/images/train/moderate/00453.jpg
20371,B,low,moderate,data/images/train/moderate/05993.jpg
20407,B,moderate,moderate,data/images/train/moderate/00489.jpg
20407,B,moderate,moderate,data/images/train/moderate/06028.jpg
20433,B,moderate,moderate,data/images/train/moderate/00515.jpg
20433,B,moderate,moderate,data/images/train/moderate/06055.jpg
20439,B,moderate,moderate,data/images/train/moderate/00521.jpg
20444,B,moderate,moderate,data/images/train/moderate/00526.jpg
20444,B,moderate,moderate,data/images/train/moderate/06066.jpg
20509,B,high,moderate,data/images/train/moderate/00591.jpg
20509,B,high,moderate,data/images/train/moderate/06129.jpg
20545,B,moderate,moderate,data/images/train/moderate/00627.jpg
20545,B,moderate,moderate,data/images/train/moderate/06166.jpg
20553,B,low,moderate,data/images/train/moderate/00635.jpg
20570,B,low,moderate,data/images/train/moderate/00652.jpg
20572,B,low,moderate,data/images/train/moderate/00654.jpg
20604,B,moderate,moderate,data/images/train/moderate/00686.jpg
20604,B,moderate,moderate,data/images/train/moderate/06198.jpg
20630,B,moderate,moderate,data/images/train/moderate/00712.jpg
20641,B,low,moderate,data/images/train/moderate/00723.jpg
20646,B,low,moderate,data/images/train/moderate/00728.jpg
20669,B,low,moderate,data/images/train/moderate/00751.jpg
20676,B,moderate,moderate,data/images/train/moderate/00758.jpg
20676,B,moderate,moderate,data/images/train/moderate/06240.jpg
20690,B,moderate,moderate,data/images/train/moderate/00772.jpg
20740,B,moderate,moderate,data/images/train/moderate/00822.jpg
20747,B,moderate,moderate,data/images/train/moderate/00829.jpg
20751,B,low,moderate,data/images/train/moderate/00833.jpg
20751,B,low,moderate,data/images/train/moderate/06352.jpg
20751,B,low,moderate,data/images/train/moderate/19717.jpg
20806,B,moderate,moderate,data/images/train/moderate/00888.jpg
20806,B,moderate,moderate,data/images/train/moderate/06408.jpg
20835,B,moderate,moderate,data/images/train/moderate/00917.jpg
20835,B,moderate,moderate,data/images/train/moderate/06435.jpg
20850,B,high,moderate,data/images/train/moderate/00932.jpg
20855,B,moderate,moderate,data/images/train/moderate/00937.jpg
20855,B,moderate,moderate,data/images/train/moderate/06455.jpg
20868,B,low,moderate,data/images/train/moderate/00950.jpg
20868,B,low,moderate,data/images/train/moderate/19515.jpg
20877,B,low,moderate,data/images/train/moderate/00959.jpg
20877,B,low,moderate,data/images/train/moderate/06479.jpg
20879,B,low,moderate,data/images/train/moderate/00961.jpg
20879,B,low,moderate,data/images/train/moderate/06481.jpg
20883,B,low,moderate,data/images/train/moderate/00965.jpg
20883,B,low,moderate,data/images/train/moderate/06487.jpg
20912,B,moderate,moderate,data/images/train/moderate/00994.jpg
20917,B,moderate,moderate,data/images/train/moderate/00999.jpg
20959,B,low,moderate,data/images/train/moderate/01041.jpg
20968,B,low,moderate,data/images/train/moderate/01050.jpg
21003,B,low,moderate,data/images/train/moderate/01085.jpg
21023,B,moderate,moderate,data/images/train/moderate/01105.jpg
21032,B,low,moderate,data/images/train/moderate/01114.jpg
21032,B,low,moderate,data/images/train/moderate/06610.jpg
21041,B,low,moderate,data/images/train/moderate/01123.jpg
21041,B,low,moderate,data/images/train/moderate/06619.jpg
21041,B,low,moderate,data/images/train/moderate/19784.jpg
21046,B,moderate,moderate,data/images/train/moderate/01128.jpg
21052,B,moderate,moderate,data/images/train/moderate/01134.jpg
21056,B,low,moderate,data/images/train/moderate/01138.jpg
21056,B,low,moderate,data/images/train/moderate/06634.jpg
21058,B,low,moderate,data/images/train/moderate/01140.jpg
21058,B,low,moderate,data/images/train/moderate/06636.jpg
21065,B,low,moderate,data/images/train/moderate/01147.jpg
21065,B,low,moderate,data/images/train/moderate/06643.jpg
21079,B,low,moderate,data/images/train/moderate/01161.jpg
21082,B,low,moderate,data/images/train/moderate/01164.jpg
21088,B,low,moderate,data/images/train/moderate/01170.jpg
21107,B,low,moderate,data/images/train/moderate/01189.jpg
21112,B,low,moderate,data/images/train/moderate/01194.jpg
21112,B,low,moderate,data/images/train/moderate/06730.jpg
21119,B,low,moderate,data/images/train/moderate/01201.jpg
21119,B,low,moderate,data/images/train/moderate/06737.jpg
21151,B,low,moderate,data/images/train/moderate/01233.jpg
21151,B,low,moderate,data/images/train/moderate/06768.jpg
21154,B,low,moderate,data/images/train/moderate/01236.jpg
21154,B,low,moderate,data/images/train/moderate/06771.jpg
21209,B,moderate,moderate,data/images/train/moderate/01291.jpg
21209,B,moderate,moderate,data/images/train/moderate/06825.jpg
21210,B,moderate,moderate,data/images/train/moderate/01292.jpg
21210,B,moderate,moderate,data/images/train/moderate/06826.jpg
21226,B,moderate,moderate,data/images/train/moderate/01308.jpg
21231,B,low,moderate,data/images/train/moderate/01313.jpg
21262,B,high,moderate,data/images/train/moderate/01344.jpg
21308,B,moderate,moderate,data/images/train/moderate/01390.jpg
21322,B,moderate,moderate,data/images/train/moderate/01404.jpg
21322,B,moderate,moderate,data/images/train/moderate/06877.jpg
21343,B,moderate,moderate,data/images/train/moderate/01425.jpg
21408,B,moderate,moderate,data/images/train/moderate/01490.jpg
21431,B,moderate,moderate,data/images/train/moderate/01513.jpg
21438,B,low,moderate,data/images/train/moderate/01520.jpg
21438,B,low,moderate,data/images/train/moderate/07076.jpg
21447,B,moderate,moderate,data/images/train/moderate/01529.jpg
21449,B,high,moderate,data/images/train/moderate/01531.jpg
21454,B,moderate,moderate,data/images/train/moderate/01536.jpg
21454,B,moderate,moderate,data/images/train/moderate/07090.jpg
21464,B,moderate,moderate,data/images/train/moderate/01546.jpg
21503,B,moderate,moderate,data/images/train/moderate/01585.jpg
21507,B,moderate,moderate,data/images/train/moderate/01589.jpg
21507,B,moderate,moderate,data/images/train/moderate/07177.jpg
21523,B,moderate,moderate,data/images/train/moderate/01605.jpg
21531,B,moderate,moderate,data/images/train/moderate/01613.jpg
21557,B,low,moderate,data/images/train/moderate/01639.jpg
21573,B,moderate,moderate,data/images/train/moderate/01655.jpg
21593,B,moderate,moderate,data/images/train/moderate/01675.jpg
21598,B,low,moderate,data/images/train/moderate/01680.jpg
21603,B,low,moderate,data/images/train/moderate/01685.jpg
21616,B,moderate,moderate,data/images/train/moderate/01698.jpg
21662,B,moderate,moderate,data/images/train/moderate/01744.jpg
21662,B,moderate,moderate,data/images/train/moderate/07305.jpg
21672,B,moderate,moderate,data/images/train/moderate/01754.jpg
21690,B,low,moderate,data/images/train/moderate/01772.jpg
21690,B,low,moderate,data/images/train/moderate/07331.jpg
21695,B,high,moderate,data/images/train/moderate/01777.jpg
21695,B,high,moderate,data/images/train/moderate/07336.jpg
21709,B,moderate,moderate,data/images/train/moderate/01791.jpg
21715,B,moderate,moderate,data/images/train/moderate/01797.jpg
21743,B,high,moderate,data/images/train/moderate/01825.jpg
21743,B,high,moderate,data/images/train/moderate/07385.jpg
21746,B,moderate,moderate,data/images/train/moderate/01828.jpg
21751,B,moderate,moderate,data/images/train/moderate/01833.jpg
21795,B,moderate,moderate,data/images/train/moderate/01877.jpg
21795,B,moderate,moderate,data/images/train/moderate/07474.jpg
21808,B,high,moderate,data/images/train/moderate/01890.jpg
21808,B,high,moderate,data/images/train/moderate/07487.jpg
21810,B,moderate,moderate,data/images/train/moderate/01892.jpg
21810,B,moderate,moderate,data/images/train/moderate/07489.jpg
21813,B,high,moderate,data/images/train/moderate/01895.jpg
21813,B,high,moderate,data/images/train/moderate/07492.jpg
21813,B,high,moderate,data/images/train/moderate/19815.jpg
21883,B,low,moderate,data/images/train/moderate/01965.jpg
21883,B,low,moderate,data/images/train/moderate/07564.jpg
21901,B,low,moderate,data/images/train/moderate/01983.jpg
21960,B,moderate,moderate,data/images/train/moderate/02042.jpg
21964,B,low,moderate,data/images/train/moderate/02046.jpg
21964,B,low,moderate,data/images/train/moderate/07646.jpg
21979,B,moderate,moderate,data/images/train/moderate/02061.jpg
21979,B,moderate,moderate,data/images/train/moderate/07661.jpg
22004,B,low,moderate,data/images/train/moderate/02086.jpg
22007,B,low,moderate,data/images/train/moderate/02089.jpg
22022,B,low,moderate,data/images/train/moderate/02104.jpg
22062,B,low,moderate,data/images/train/moderate/02144.jpg
22063,B,low,moderate,data/images/train/moderate/02145.jpg
22086,B,low,moderate,data/images/train/moderate/02168.jpg
22089,B,low,moderate,data/images/train/moderate/02171.jpg
22119,B,low,moderate,data/images/train/moderate/02201.jpg
22185,B,moderate,moderate,data/images/train/moderate/02267.jpg
22205,B,low,moderate,data/images/train/moderate/02287.jpg
22206,B,moderate,moderate,data/images/train/moderate/02288.jpg
22215,B,low,moderate,data/images/train/moderate/02297.jpg
22259,B,moderate,moderate,data/images/train/moderate/02341.jpg
22333,B,moderate,moderate,data/images/train/moderate/02415.jpg
22345,B,low,moderate,data/images/train/moderate/02427.jpg
22361,B,low,moderate,data/images/train/moderate/02443.jpg
22423,B,moderate,moderate,data/images/train/moderate/02505.jpg
22451,B,moderate,moderate,data/images/train/moderate/02533.jpg
22455,B,moderate,moderate,data/images/train/moderate/02537.jpg
22455,B,moderate,moderate,data/images/train/moderate/08049.jpg
22465,B,moderate,moderate,data/images/train/moderate/02547.jpg
22466,B,low,moderate,data/images/train/moderate/02548.jpg
22498,B,moderate,moderate,data/images/train/moderate/02580.jpg
22498,B,moderate,moderate,data/images/train/moderate/08096.jpg
22503,B,moderate,moderate,data/images/train/moderate/02585.jpg
22510,B,moderate,moderate,data/images/train/moderate/02592.jpg
22527,B,moderate,moderate,data/images/train/moderate/02609.jpg
22534,B,moderate,moderate,data/images/train/moderate/02616.jpg
22540,B,moderate,moderate,data/images/train/moderate/02622.jpg
22565,B,low,moderate,data/images/train/moderate/02647.jpg
22566,B,moderate,moderate,data/images/train/moderate/02648.jpg
22581,B,low,moderate,data/images/train/moderate/02663.jpg
22583,B,moderate,moderate,data/images/train/moderate/02665.jpg
22596,B,low,moderate,data/images/train/moderate/02678.jpg
22616,B,moderate,moderate,data/images/train/moderate/02698.jpg
22616,B,moderate,moderate,data/images/train/moderate/08270.jpg
22624,B,moderate,moderate,data/images/train/moderate/02706.jpg
22643,B,moderate,moderate,data/images/train/moderate/02725.jpg
22643,B,moderate,moderate,data/images/train/moderate/08298.jpg
22699,B,low,moderate,data/images/train/moderate/02781.jpg
22722,B,low,moderate,data/images/train/moderate/02804.jpg
22770,B,high,moderate,data/images/train/moderate/02852.jpg
22770,B,high,moderate,data/images/train/moderate/08396.jpg
22819,B,low,moderate,data/images/train/moderate/02901.jpg
22819,B,low,moderate,data/images/train/moderate/08447.jpg
22844,B,low,moderate,data/images/train/moderate/02926.jpg
22844,B,low,moderate,data/images/train/moderate/08475.jpg
22846,B,low,moderate,data/images/train/moderate/02928.jpg
22846,B,low,moderate,data/images/train/moderate/08477.jpg
22857,B,moderate,moderate,data/images/train/moderate/02939.jpg
22857,B,moderate,moderate,data/images/train/moderate/08488.jpg
22925,B,high,moderate,data/images/train/moderate/03007.jpg
22963,B,moderate,moderate,data/images/train/moderate/03045.jpg
23030,B,moderate,moderate,data/images/train/moderate/03112.jpg
23033,B,low,moderate,data/images/train/moderate/03115.jpg
23035,B,low,moderate,data/images/train/moderate/03117.jpg
23035,B,low,moderate,data/images/train/moderate/08656.jpg
23038,B,low,moderate,data/images/train/moderate/03120.jpg
23038,B,low,moderate,data/images/train/moderate/08659.jpg
23058,B,moderate,moderate,data/images/train/moderate/03140.jpg
23062,B,low,moderate,data/images/train/moderate/03144.jpg
23069,B,low,moderate,data/images/train/moderate/03151.jpg
23083,B,moderate,moderate,data/images/train/moderate/03165.jpg
23104,B,low,moderate,data/images/train/moderate/03186.jpg
23147,B,moderate,moderate,data/images/train/moderate/03229.jpg
23176,B,moderate,moderate,data/images/train/moderate/03258.jpg
23177,B,moderate,moderate,data/images/train/moderate/03259.jpg
23181,B,high,moderate,data/images/train/moderate/03263.jpg
23188,B,moderate,moderate,data/images/train/moderate/03270.jpg
23214,B,low,moderate,data/images/train/moderate/03296.jpg
23254,B,moderate,moderate,data/images/train/moderate/03336.jpg
23254,B,moderate,moderate,data/images/train/moderate/08786.jpg
23265,B,moderate,moderate,data/images/train/moderate/03347.jpg
23265,B,moderate,moderate,data/images/train/moderate/08798.jpg
23351,B,moderate,moderate,data/images/train/moderate/03433.jpg
23360,B,moderate,moderate,data/images/train/moderate/03442.jpg
23362,B,low,moderate,data/images/train/moderate/03444.jpg
23362,B,low,moderate,data/images/train/moderate/08896.jpg
23369,B,high,moderate,data/images/train/moderate/03451.jpg
23375,B,moderate,moderate,data/images/train/moderate/03457.jpg
23389,B,moderate,moderate,data/images/train/moderate/03471.jpg
23402,B,low,moderate,data/images/train/moderate/03484.jpg
23411,B,moderate,moderate,data/images/train/moderate/03493.jpg
23420,B,moderate,moderate,data/images/train/moderate/03502.jpg
23421,B,moderate,moderate,data/images/train/moderate/03503.jpg
23429,B,high,moderate,data/images/train/moderate/03511.jpg
23429,B,high,moderate,data/images/train/moderate/08966.jpg
23446,B,moderate,moderate,data/images/train/moderate/03528.jpg
23446,B,moderate,moderate,data/images/train/moderate/08982.jpg
23485,B,high,moderate,data/images/train/moderate/03567.jpg
23501,B,moderate,moderate,data/images/train/moderate/03583.jpg
23512,B,low,moderate,data/images/train/moderate/03594.jpg
23517,B,moderate,moderate,data/images/train/moderate/03599.jpg
23517,B,moderate,moderate,data/images/train/moderate/08997.jpg
23527,B,moderate,moderate,data/images/train/moderate/03609.jpg
23530,B,moderate,moderate,data/images/train/moderate/03612.jpg
23530,B,moderate,moderate,data/images/train/moderate/09010.jpg
23563,B,high,moderate,data/images/train/moderate/03645.jpg
23571,B,low,moderate,data/images/train/moderate/03653.jpg
23571,B,low,moderate,data/images/train/moderate/09054.jpg
23576,B,low,moderate,data/images/train/moderate/03658.jpg
23576,B,low,moderate,data/images/train/moderate/09060.jpg
23599,B,moderate,moderate,data/images/train/moderate/03681.jpg
23599,B,moderate,moderate,data/images/train/moderate/09084.jpg
23600,B,high,moderate,data/images/train/moderate/03682.jpg
23600,B,high,moderate,data/images/train/moderate/09085.jpg
23647,B,moderate,moderate,data/images/train/moderate/03729.jpg
23647,B,moderate,moderate,data/images/train/moderate/09132.jpg
23652,B,moderate,moderate,data/images/train/moderate/03734.jpg
23669,B,low,moderate,data/images/train/moderate/03751.jpg
23669,B,low,moderate,data/images/train/moderate/09153.jpg
23671,B,low,moderate,data/images/train/moderate/03753.jpg
23671,B,low,moderate,data/images/train/moderate/09156.jpg
23689,B,moderate,moderate,data/images/train/moderate/03771.jpg
23730,B,moderate,moderate,data/images/train/moderate/03812.jpg
23730,B,moderate,moderate,data/images/train/moderate/09204.jpg
23733,B,moderate,moderate,data/images/train/moderate/03815.jpg
23733,B,moderate,moderate,data/images/train/moderate/09206.jpg
23767,B,moderate,moderate,data/images/train/moderate/03849.jpg
23767,B,moderate,moderate,data/images/train/moderate/09238.jpg
23772,B,moderate,moderate,data/images/train/moderate/03854.jpg
23772,B,moderate,moderate,data/images/train/moderate/09242.jpg
23791,B,moderate,moderate,data/images/train/moderate/03873.jpg
23791,B,moderate,moderate,data/images/train/moderate/09261.jpg
23797,B,high,moderate,data/images/train/moderate/03879.jpg
23818,B,moderate,moderate,data/images/train/moderate/03900.jpg
23818,B,moderate,moderate,data/images/train/moderate/09288.jpg
23829,B,low,moderate,data/images/train/moderate/03911.jpg
23842,B,high,moderate,data/images/train/moderate/03924.jpg
23865,B,moderate,moderate,data/images/train/moderate/03947.jpg
23900,B,low,moderate,data/images/train/moderate/03982.jpg
23921,B,low,moderate,data/images/train/moderate/04003.jpg
23929,B,low,moderate,data/images/train/moderate/04011.jpg
23930,B,moderate,moderate,data/images/train/moderate/04012.jpg
23931,B,moderate,moderate,data/images/train/moderate/04013.jpg
23952,B,moderate,moderate,data/images/train/moderate/04034.jpg
23952,B,moderate,moderate,data/images/train/moderate/09360.jpg
23959,B,moderate,moderate,data/images/train/moderate/04041.jpg
23959,B,moderate,moderate,data/images/train/moderate/09367.jpg
23980,B,low,moderate,data/images/train/moderate/04062.jpg
23984,B,high,moderate,data/images/train/moderate/04066.jpg
23992,B,moderate,moderate,data/images/train/moderate/04074.jpg
24007,B,low,moderate,data/images/train/moderate/04089.jpg
24011,B,moderate,moderate,data/images/train/moderate/04093.jpg
24033,B,moderate,moderate,data/images/train/moderate/04115.jpg
24038,B,moderate,moderate,data/images/train/moderate/04120.jpg
24092,B,low,moderate,data/images/train/moderate/04174.jpg
24191,B,low,moderate,data/images/train/moderate/04273.jpg
24198,B,low,moderate,data/images/train/moderate/04280.jpg
24210,B,low,moderate,data/images/train/moderate/04292.jpg
24223,B,low,moderate,data/images/train/moderate/04305.jpg
24234,B,low,moderate,data/images/train/moderate/04316.jpg
24244,B,moderate,moderate,data/images/train/moderate/04326.jpg
24252,B,moderate,moderate,data/images/train/moderate/04334.jpg
24258,B,moderate,moderate,data/images/train/moderate/04340.jpg
24261,B,moderate,moderate,data/images/train/moderate/04343.jpg
24264,B,low,moderate,data/images/train/moderate/04346.jpg
24268,B,low,moderate,data/images/train/moderate/04350.jpg
24270,B,low,moderate,data/images/train/moderate/04352.jpg
24290,B,low,moderate,data/images/train/moderate/04372.jpg
24293,B,moderate,moderate,data/images/train/moderate/04375.jpg
24305,B,low,moderate,data/images/train/moderate/04387.jpg
24305,B,low,moderate,data/images/train/moderate/19804.jpg
24341,B,moderate,moderate,data/images/train/moderate/04423.jpg
24381,B,moderate,moderate,data/images/train/moderate/04463.jpg
24425,B,high,moderate,data/images/train/moderate/04507.jpg
24452,B,moderate,moderate,data/images/train/moderate/04534.jpg
24471,B,moderate,moderate,data/images/train/moderate/04553.jpg
24473,B,moderate,moderate,data/images/train/moderate/04555.jpg
24476,B,high,moderate,data/images/train/moderate/04558.jpg
24481,B,moderate,moderate,data/images/train/moderate/04563.jpg
24482,B,moderate,moderate,data/images/train/moderate/04564.jpg
24483,B,high,moderate,data/images/train/moderate/04565.jpg
24492,B,moderate,moderate,data/images/train/moderate/04574.jpg
24535,B,high,moderate,data/images/train/moderate/04617.jpg
24568,B,low,moderate,data/images/train/moderate/04650.jpg
24588,B,moderate,moderate,data/images/train/moderate/04670.jpg
24592,B,moderate,moderate,data/images/train/moderate/04674.jpg
24619,B,moderate,moderate,data/images/train/moderate/04701.jpg
24619,B,moderate,moderate,data/images/train/moderate/09795.jpg
24660,B,low,moderate,data/images/train/moderate/04742.jpg
24660,B,low,moderate,data/images/train/moderate/09842.jpg
24722,B,low,moderate,data/images/train/moderate/04804.jpg
24722,B,low,moderate,data/images/train/moderate/09976.jpg
24727,B,low,moderate,data/images/train/moderate/04809.jpg
24727,B,low,moderate,data/images/train/moderate/09981.jpg
24763,B,low,moderate,data/images/train/moderate/04845.jpg
24763,B,low,moderate,data/images/train/moderate/10024_1.jpg
24780,B,moderate,moderate,data/images/train/moderate/04862.jpg
24808,B,low,moderate,data/images/train/moderate/04890.jpg
24808,B,low,moderate,data/images/train/moderate/10068_1.jpg
24824,B,low,moderate,data/images/train/moderate/04906.jpg
24824,B,low,moderate,data/images/train/moderate/10084_1.jpg
24834,B,moderate,moderate,data/images/train/moderate/04916.jpg
24839,B,low,moderate,data/images/train/moderate/04921.jpg
24849,B,moderate,moderate,data/images/train/moderate/04931.jpg
24875,B,low,moderate,data/images/train/moderate/04957.jpg
24897,B,moderate,moderate,data/images/train/moderate/04979.jpg
24919,B,moderate,moderate,data/images/train/moderate/05001.jpg
24957,B,moderate,moderate,data/images/train/moderate/05039.jpg
24957,B,moderate,moderate,data/images/train/moderate/10107_1.jpg
24969,B,moderate,moderate,data/images/train/moderate/05051.jpg
24969,B,moderate,moderate,data/images/train/moderate/10119_1.jpg
24986,B,moderate,moderate,data/images/train/moderate/05068.jpg
24986,B,moderate,moderate,data/images/train/moderate/10135_1.jpg
25004,B,low,moderate,data/images/train/moderate/05086.jpg
25004,B,low,moderate,data/images/train/moderate/10154_1.jpg
25026,B,moderate,moderate,data/images/train/moderate/05108.jpg
25026,B,moderate,moderate,data/images/train/moderate/10174_1.jpg
25057,B,high,moderate,data/images/train/moderate/05139.jpg
25057,B,high,moderate,data/images/train/moderate/10269_1.jpg
25058,B,high,moderate,data/images/train/moderate/05140.jpg
25058,B,high,moderate,data/images/train/moderate/10270_1.jpg
25062,B,moderate,moderate,data/images/train/moderate/05144.jpg
25062,B,moderate,moderate,data/images/train/moderate/10274_1.jpg
25066,B,moderate,moderate,data/images/train/moderate/05148.jpg
25066,B,moderate,moderate,data/images/train/moderate/10278_1.jpg
25074,B,high,moderate,data/images/train/moderate/05156.jpg
25087,B,high,moderate,data/images/train/moderate/05169.jpg
25087,B,high,moderate,data/images/train/moderate/10298_1.jpg
25099,B,moderate,moderate,data/images/train/moderate/05181.jpg
25099,B,moderate,moderate,data/images/train/moderate/10311_1.jpg
25102,B,moderate,moderate,data/images/train/moderate/05184.jpg
25102,B,moderate,moderate,data/images/train/moderate/10314_1.jpg
25198,B,moderate,moderate,data/images/train/moderate/05280.jpg
25229,B,low,moderate,data/images/train/moderate/05311.jpg
25232,B,low,moderate,data/images/train/moderate/05314.jpg
25263,B,low,moderate,data/images/train/moderate/05345.jpg
25297,B,low,moderate,data/images/train/moderate/05379.jpg
25328,B,low,moderate,data/images/train/moderate/05410.jpg
25332,B,moderate,moderate,data/images/train/moderate/05414.jpg
25344,B,low,moderate,data/images/train/moderate/05426.jpg
25361,B,low,moderate,data/images/train/moderate/05443.jpg
25383,B,low,moderate,data/images/train/moderate/05465.jpg
25410,B,low,moderate,data/images/train/moderate/05492.jpg
25433,B,low,moderate,data/images/train/moderate/05515.jpg
25458,B,low,moderate,data/images/train/moderate/05540.jpg
25478,B,low,moderate,data/images/train/moderate/05560.jpg
25492,B,low,moderate,data/images/train/moderate/05579.jpg
25493,B,moderate,moderate,data/images/train/moderate/05584.jpg
25536,B,moderate,moderate,data/images/train/moderate/05639.jpg
25536,B,moderate,moderate,data/images/train/moderate/09925.jpg
25554,B,low,moderate,data/images/train/moderate/05657.jpg
25554,B,low,moderate,data/images/train/moderate/09943.jpg
25582,B,moderate,moderate,data/images/train/moderate/05752.jpg
25637,B,moderate,moderate,data/images/train/moderate/05933.jpg
25647,B,moderate,moderate,data/images/train/moderate/05946.jpg
25672,B,low,moderate,data/images/train/moderate/05971.jpg
25672,B,low,moderate,data/images/train/moderate/10214_1.jpg
25713,B,low,moderate,data/images/train/moderate/06149.jpg
25723,B,moderate,moderate,data/images/train/moderate/06189.jpg
25739,B,moderate,moderate,data/images/train/moderate/06213.jpg
25781,B,high,moderate,data/images/train/moderate/06316.jpg
25800,B,moderate,moderate,data/images/train/moderate/06335.jpg
25844,B,high,moderate,data/images/train/moderate/06425.jpg
25849,B,low,moderate,data/images/train/moderate/06433.jpg
25866,B,low,moderate,data/images/train/moderate/06470.jpg
25886,B,moderate,moderate,data/images/train/moderate/06508.jpg
25893,B,moderate,moderate,data/images/train/moderate/06518.jpg
25896,B,moderate,moderate,data/images/train/moderate/06521.jpg
25968,B,moderate,moderate,data/images/train/moderate/06615.jpg
25973,B,moderate,moderate,data/images/train/moderate/06621.jpg
25984,B,moderate,moderate,data/images/train/moderate/06637.jpg
26037,B,moderate,moderate,data/images/train/moderate/06695.jpg
26045,B,low,moderate,data/images/train/moderate/06703.jpg
26120,B,moderate,moderate,data/images/train/moderate/06853.jpg
26128,B,low,moderate,data/images/train/moderate/06861.jpg
26130,B,low,moderate,data/images/train/moderate/06863.jpg
26135,B,moderate,moderate,data/images/train/moderate/06868.jpg
26143,B,low,moderate,data/images/train/moderate/06888.jpg
26146,B,moderate,moderate,data/images/train/moderate/06892.jpg
26171,B,moderate,moderate,data/images/train/moderate/06940.jpg
26186,B,moderate,moderate,data/images/train/moderate/06955.jpg
26210,B,high,moderate,data/images/train/moderate/06980.jpg
26223,B,low,moderate,data/images/train/moderate/06994.jpg
26230,B,low,moderate,data/images/train/moderate/07001.jpg
26315,B,low,moderate,data/images/train/moderate/07102.jpg
26401,B,high,moderate,data/images/train/moderate/07218.jpg
26403,B,moderate,moderate,data/images/train/moderate/07220.jpg
26447,B,moderate,moderate,data/images/train/moderate/07268.jpg
26456,B,low,moderate,data/images/train/moderate/07277.jpg
26462,B,moderate,moderate,data/images/train/moderate/07283.jpg
26467,B,low,moderate,data/images/train/moderate/07288.jpg
26489,B,moderate,moderate,data/images/train/moderate/07347.jpg
26491,B,moderate,moderate,data/images/train/moderate/07349.jpg
26511,B,moderate,moderate,data/images/train/moderate/07399.jpg
26515,B,moderate,moderate,data/images/train/moderate/07406.jpg
26515,B,moderate,moderate,data/images/train/moderate/10457_1.jpg
26534,B,low,moderate,data/images/train/moderate/07425.jpg
26534,B,low,moderate,data/images/train/moderate/10473_1.jpg
26572,B,moderate,moderate,data/images/train/moderate/07514.jpg
26577,B,moderate,moderate,data/images/train/moderate/07523.jpg
26588,B,moderate,moderate,data/images/train/moderate/07534.jpg
26610,B,low,moderate,data/images/train/moderate/07607.jpg
26654,B,moderate,moderate,data/images/train/moderate/07703.jpg
26664,B,moderate,moderate,data/images/train/moderate/07713.jpg
26674,B,low,moderate,data/images/train/moderate/07727.jpg
26709,B,low,moderate,data/images/train/moderate/07777.jpg
26787,B,moderate,moderate,data/images/train/moderate/07859.jpg
26792,B,low,moderate,data/images/train/moderate/07864.jpg
26792,B,low,moderate,data/images/train/moderate/18494_1.jpg
26807,B,moderate,moderate,data/images/train/moderate/07879.jpg
26831,B,low,moderate,data/images/train/moderate/07908.jpg
26835,B,moderate,moderate,data/images/train/moderate/07912.jpg
26843,B,moderate,moderate,data/images/train/moderate/07920.jpg
26849,B,moderate,moderate,data/images/train/moderate/07927.jpg
26851,B,moderate,moderate,data/images/train/moderate/07930.jpg
26858,B,low,moderate,data/images/train/moderate/07937.jpg
26926,B,moderate,moderate,data/images/train/moderate/08011.jpg
26938,B,moderate,moderate,data/images/train/moderate/08024.jpg
26960,B,moderate,moderate,data/images/train/moderate/08046.jpg
26962,B,moderate,moderate,data/images/train/moderate/08048.jpg
26981,B,high,moderate,data/images/train/moderate/08073.jpg
26985,B,high,moderate,data/images/train/moderate/08092.jpg
27038,B,low,moderate,data/images/train/moderate/08152.jpg
27042,B,low,moderate,data/images/train/moderate/08156.jpg
27063,B,low,moderate,data/images/train/moderate/08177.jpg
27063,B,low,moderate,data/images/train/moderate/15158_1.jpg
27068,B,low,moderate,data/images/train/moderate/08182.jpg
27096,B,low,moderate,data/images/train/moderate/08210.jpg
27098,B,low,moderate,data/images/train/moderate/08212.jpg
27157,B,moderate,moderate,data/images/train/moderate/08311.jpg
27158,B,moderate,moderate,data/images/train/moderate/08313.jpg
27163,B,low,moderate,data/images/train/moderate/08321.jpg
27179,B,moderate,moderate,data/images/train/moderate/08385.jpg
27269,B,moderate,moderate,data/images/train/moderate/08548.jpg
27278,B,moderate,moderate,data/images/train/moderate/08557.jpg
27316,B,moderate,moderate,data/images/train/moderate/08634.jpg
27347,B,moderate,moderate,data/images/train/moderate/08695.jpg
27352,B,moderate,moderate,data/images/train/moderate/08700.jpg
27373,B,moderate,moderate,data/images/train/moderate/08741.jpg
27380,B,high,moderate,data/images/train/moderate/08758.jpg
27410,B,high,moderate,data/images/train/moderate/08863.jpg
27427,B,moderate,moderate,data/images/train/moderate/08891.jpg
27436,B,moderate,moderate,data/images/train/moderate/08906.jpg
27436,B,moderate,moderate,data/images/train/moderate/10525_1.jpg
27446,B,moderate,moderate,data/images/train/moderate/08916.jpg
27446,B,moderate,moderate,data/images/train/moderate/10535_1.jpg
27460,B,high,moderate,data/images/train/moderate/08930.jpg
27492,B,moderate,moderate,data/images/train/moderate/09036.jpg
27498,B,low,moderate,data/images/train/moderate/09045.jpg
27537,B,moderate,moderate,data/images/train/moderate/09147.jpg
27570,B,high,moderate,data/images/train/moderate/09256.jpg
27587,B,low,moderate,data/images/train/moderate/09304.jpg
27587,B,low,moderate,data/images/train/moderate/10553_1.jpg
27630,B,moderate,moderate,data/images/train/moderate/09348.jpg
27663,B,low,moderate,data/images/train/moderate/09400.jpg
27668,B,moderate,moderate,data/images/train/moderate/09405.jpg
27671,B,moderate,moderate,data/images/train/moderate/09408.jpg
27703,B,low,moderate,data/images/train/moderate/09441.jpg
27706,B,low,moderate,data/images/train/moderate/09444.jpg
27730,B,moderate,moderate,data/images/train/moderate/09469.jpg
27805,B,low,moderate,data/images/train/moderate/09560.jpg
27872,B,low,moderate,data/images/train/moderate/09628.jpg
27875,B,high,moderate,data/images/train/moderate/09631.jpg
27881,B,low,moderate,data/images/train/moderate/09637.jpg
27892,B,low,moderate,data/images/train/moderate/09648.jpg
27923,B,moderate,moderate,data/images/train/moderate/09679.jpg
27924,B,low,moderate,data/images/train/moderate/09680.jpg
28004,B,moderate,moderate,data/images/train/moderate/09760.jpg
28018,B,moderate,moderate,data/images/train/moderate/09774.jpg
28098,B,low,moderate,data/images/train/moderate/09908.jpg
28120,B,low,moderate,data/images/train/moderate/09951.jpg
28157,B,moderate,moderate,data/images/train/moderate/10021_1.jpg
28198,B,moderate,moderate,data/images/train/moderate/10202_1.jpg
28198,B,moderate,moderate,data/images/train/moderate/19906.jpg
28199,B,high,moderate,data/images/train/moderate/10204_1.jpg
28199,B,high,moderate,data/images/train/moderate/16607_1.jpg
28207,B,low,moderate,data/images/train/moderate/10224_1.jpg
28227,B,low,moderate,data/images/train/moderate/10249_1.jpg
28227,B,low,moderate,data/images/train/moderate/10723_1.jpg
28236,B,moderate,moderate,data/images/train/moderate/10258_1.jpg
28236,B,moderate,moderate,data/images/train/moderate/10732_1.jpg
28239,B,moderate,moderate,data/images/train/moderate/10261_1.jpg
28239,B,moderate,moderate,data/images/train/moderate/10735_1.jpg
28265,B,low,moderate,data/images/train/moderate/10386_1.jpg
28267,B,low,moderate,data/images/train/moderate/10392_1.jpg
28294,B,low,moderate,data/images/train/moderate/10440_1.jpg
28294,B,low,moderate,data/images/train/moderate/10585_1.jpg
28298,B,low,moderate,data/images/train/moderate/10444_1.jpg
28342,B,low,moderate,data/images/train/moderate/10599_1.jpg
28364,B,low,moderate,data/images/train/moderate/10622_1.jpg
28398,B,moderate,moderate,data/images/train/moderate/10699_1.jpg
28437,B,moderate,moderate,data/images/train/moderate/10769_1.jpg
28484,B,high,moderate,data/images/train/moderate/10816_1.jpg
28484,B,high,moderate,data/images/train/moderate/11463_1.jpg
28564,B,high,moderate,data/images/train/moderate/10896_1.jpg
28585,B,moderate,moderate,data/images/train/moderate/10918_1.jpg
28588,B,low,moderate,data/images/train/moderate/10921_1.jpg
28588,B,low,moderate,data/images/train/moderate/12160_1.jpg
28608,B,moderate,moderate,data/images/train/moderate/10941_1.jpg
28620,B,moderate,moderate,data/images/train/moderate/10953_1.jpg
28646,B,low,moderate,data/images/train/moderate/10979_1.jpg
28646,B,low,moderate,data/images/train/moderate/12890_1.jpg
28670,B,high,moderate,data/images/train/moderate/11003_1.jpg
28670,B,high,moderate,data/images/train/moderate/12914_1.jpg
28704,B,moderate,moderate,data/images/train/moderate/11039_1.jpg
28705,B,moderate,moderate,data/images/train/moderate/11040_1.jpg
28716,B,high,moderate,data/images/train/moderate/11051_1.jpg
28727,B,low,moderate,data/images/train/moderate/11062_1.jpg
28740,B,high,moderate,data/images/train/moderate/11078_1.jpg
28749,B,high,moderate,data/images/train/moderate/11087_1.jpg
28753,B,moderate,moderate,data/images/train/moderate/11091_1.jpg
28753,B,moderate,moderate,data/images/train/moderate/12950_1.jpg
28754,B,high,moderate,data/images/train/moderate/11092_1.jpg
28754,B,high,moderate,data/images/train/moderate/12951_1.jpg
28756,B,moderate,moderate,data/images/train/moderate/11094_1.jpg
28756,B,moderate,moderate,data/images/train/moderate/12952_1.jpg
28775,B,moderate,moderate,data/images/train/moderate/11113_1.jpg
28802,B,moderate,moderate,data/images/train/moderate/11140_1.jpg
28802,B,moderate,moderate,data/images/train/moderate/12998_1.jpg
28819,B,moderate,moderate,data/images/train/moderate/11157_1.jpg
28847,B,high,moderate,data/images/train/moderate/11185_1.jpg
28854,B,high,moderate,data/images/train/moderate/11192_1.jpg
28854,B,high,moderate,data/images/train/moderate/13051_1.jpg
28857,B,moderate,moderate,data/images/train/moderate/11195_1.jpg
28857,B,moderate,moderate,data/images/train/moderate/13080_1.jpg
28896,B,moderate,moderate,data/images/train/moderate/11234_1.jpg
28896,B,moderate,moderate,data/images/train/moderate/13121_1.jpg
28926,B,moderate,moderate,data/images/train/moderate/11264_1.jpg
28935,B,moderate,moderate,data/images/train/moderate/11273_1.jpg
28935,B,moderate,moderate,data/images/train/moderate/13165_1.jpg
28957,B,moderate,moderate,data/images/train/moderate/11295_1.jpg
28957,B,moderate,moderate,data/images/train/moderate/13189_1.jpg
28963,B,moderate,moderate,data/images/train/moderate/11301_1.jpg
28963,B,moderate,moderate,data/images/train/moderate/13195_1.jpg
28971,B,low,moderate,data/images/train/moderate/11309_1.jpg
28983,B,moderate,moderate,data/images/train/moderate/11321_1.jpg
28994,B,moderate,moderate,data/images/train/moderate/11332_1.jpg
28994,B,moderate,moderate,data/images/train/moderate/13225_1.jpg
29002,B,high,moderate,data/images/train/moderate/11340_1.jpg
29002,B,high,moderate,data/images/train/moderate/13234_1.jpg
29005,B,high,moderate,data/images/train/moderate/11343_1.jpg
29005,B,high,moderate,data/images/train/moderate/13239_1.jpg
29005,B,high,moderate,data/images/train/moderate/19872.jpg
29024,B,low,moderate,data/images/train/moderate/11362_1.jpg
29044,B,moderate,moderate,data/images/train/moderate/11382_1.jpg
29044,B,moderate,moderate,data/images/train/moderate/13287_1.jpg
29092,B,high,moderate,data/images/train/moderate/11431_1.jpg
29092,B,high,moderate,data/images/train/moderate/13340_1.jpg
29108,B,low,moderate,data/images/train/moderate/11447_1.jpg
29108,B,low,moderate,data/images/train/moderate/13354_1.jpg
29114,B,moderate,moderate,data/images/train/moderate/11453_1.jpg
29116,B,low,moderate,data/images/train/moderate/11455_1.jpg
29116,B,low,moderate,data/images/train/moderate/13362_1.jpg
29143,B,moderate,moderate,data/images/train/moderate/11508_1.jpg
29143,B,moderate,moderate,data/images/train/moderate/13378_1.jpg
29179,B,high,moderate,data/images/train/moderate/11545_1.jpg
29179,B,high,moderate,data/images/train/moderate/13413_1.jpg
29211,B,moderate,moderate,data/images/train/moderate/11577_1.jpg
29214,B,moderate,moderate,data/images/train/moderate/11580_1.jpg
29243,B,high,moderate,data/images/train/moderate/11609_1.jpg
29243,B,high,moderate,data/images/train/moderate/13509_1.jpg
29252,B,high,moderate,data/images/train/moderate/11618_1.jpg
29252,B,high,moderate,data/images/train/moderate/13517_1.jpg
29274,B,moderate,moderate,data/images/train/moderate/11641_1.jpg
29350,B,low,moderate,data/images/train/moderate/11717_1.jpg
29350,B,low,moderate,data/images/train/moderate/13689_1.jpg
29359,B,low,moderate,data/images/train/moderate/11727_1.jpg
29359,B,low,moderate,data/images/train/moderate/13698_1.jpg
29365,B,low,moderate,data/images/train/moderate/11733_1.jpg
29365,B,low,moderate,data/images/train/moderate/13704_1.jpg
29378,B,moderate,moderate,data/images/train/moderate/11746_1.jpg
29404,B,low,moderate,data/images/train/moderate/11772_1.jpg
29408,B,low,moderate,data/images/train/moderate/11776_1.jpg
29421,B,low,moderate,data/images/train/moderate/11789_1.jpg
29421,B,low,moderate,data/images/train/moderate/13763_1.jpg
29431,B,moderate,moderate,data/images/train/moderate/11802_1.jpg
29462,B,low,moderate,data/images/train/moderate/11841_1.jpg
29462,B,low,moderate,data/images/train/moderate/13772_1.jpg
29479,B,moderate,moderate,data/images/train/moderate/11858_1.jpg
29481,B,low,moderate,data/images/train/moderate/11860_1.jpg
29481,B,low,moderate,data/images/train/moderate/13790_1.jpg
29490,B,moderate,moderate,data/images/train/moderate/11869_1.jpg
29496,B,low,moderate,data/images/train/moderate/11875_1.jpg
29557,B,low,moderate,data/images/train/moderate/11937_1.jpg
29557,B,low,moderate,data/images/train/moderate/14207_1.jpg
29560,B,moderate,moderate,data/images/train/moderate/11940_1.jpg
29560,B,moderate,moderate,data/images/train/moderate/14210_1.jpg
29573,B,moderate,moderate,data/images/train/moderate/11953_1.jpg
29593,B,low,moderate,data/images/train/moderate/11973_1.jpg
29659,B,low,moderate,data/images/train/moderate/12039_1.jpg
29668,B,moderate,moderate,data/images/train/moderate/12048_1.jpg
29668,B,moderate,moderate,data/images/train/moderate/13966_1.jpg
29682,B,moderate,moderate,data/images/train/moderate/12062_1.jpg
29682,B,moderate,moderate,data/images/train/moderate/13980_1.jpg
29690,B,moderate,moderate,data/images/train/moderate/12070_1.jpg
29690,B,moderate,moderate,data/images/train/moderate/13989_1.jpg
29693,B,high,moderate,data/images/train/moderate/12073_1.jpg
29693,B,high,moderate,data/images/train/moderate/13992_1.jpg
29732,B,moderate,moderate,data/images/train/moderate/12112_1.jpg
29782,B,low,moderate,data/images/train/moderate/12180_1.jpg
29810,B,moderate,moderate,data/images/train/moderate/12208_1.jpg
29810,B,moderate,moderate,data/images/train/moderate/14085_1.jpg
29828,B,low,moderate,data/images/train/moderate/12226_1.jpg
29828,B,low,moderate,data/images/train/moderate/17100_1.jpg
29851,B,moderate,moderate,data/images/train/moderate/12249_1.jpg
29857,B,low,moderate,data/images/train/moderate/12256_1.jpg
29857,B,low,moderate,data/images/train/moderate/14132_1.jpg
29858,B,moderate,moderate,data/images/train/moderate/12257_1.jpg
29858,B,moderate,moderate,data/images/train/moderate/14133_1.jpg
29896,B,moderate,moderate,data/images/train/moderate/12295_1.jpg
29899,B,moderate,moderate,data/images/train/moderate/12298_1.jpg
29934,B,low,moderate,data/images/train/moderate/12334_1.jpg
29940,B,moderate,moderate,data/images/train/moderate/12340_1.jpg
29940,B,moderate,moderate,data/images/train/moderate/14587_1.jpg
30003,B,moderate,moderate,data/images/train/moderate/12403_1.jpg
30003,B,moderate,moderate,data/images/train/moderate/14291_1.jpg
30052,B,moderate,moderate,data/images/train/moderate/12452_1.jpg
30052,B,moderate,moderate,data/images/train/moderate/14434_1.jpg
30064,B,low,moderate,data/images/train/moderate/12464_1.jpg
30064,B,low,moderate,data/images/train/moderate/14447_1.jpg
30066,B,moderate,moderate,data/images/train/moderate/12466_1.jpg
30066,B,moderate,moderate,data/images/train/moderate/14449_1.jpg
30087,B,low,moderate,data/images/train/moderate/12487_1.jpg
30087,B,low,moderate,data/images/train/moderate/14474_1.jpg
30096,B,low,moderate,data/images/train/moderate/12496_1.jpg
30128,B,moderate,moderate,data/images/train/moderate/12528_1.jpg
30128,B,moderate,moderate,data/images/train/moderate/14575_1.jpg
30163,B,high,moderate,data/images/train/moderate/12573_1.jpg
30199,B,moderate,moderate,data/images/train/moderate/12615_1.jpg
30218,B,low,moderate,data/images/train/moderate/12635_1.jpg
30218,B,low,moderate,data/images/train/moderate/14670_1.jpg
30237,B,low,moderate,data/images/train/moderate/12654_1.jpg
30237,B,low,moderate,data/images/train/moderate/14689_1.jpg
30258,B,low,moderate,data/images/train/moderate/12675_1.jpg
30289,B,low,moderate,data/images/train/moderate/12706_1.jpg
30289,B,low,moderate,data/images/train/moderate/14742_1.jpg
30310,B,low,moderate,data/images/train/moderate/12727_1.jpg
30310,B,low,moderate,data/images/train/moderate/14765_1.jpg
30311,B,low,moderate,data/images/train/moderate/12728_1.jpg
30322,B,moderate,moderate,data/images/train/moderate/12740_1.jpg
30334,B,moderate,moderate,data/images/train/moderate/12752_1.jpg
30357,B,moderate,moderate,data/images/train/moderate/12775_1.jpg
30387,B,low,moderate,data/images/train/moderate/12805_1.jpg
30387,B,low,moderate,data/images/train/moderate/14848_1.jpg
30395,B,moderate,moderate,data/images/train/moderate/12813_1.jpg
30395,B,moderate,moderate,data/images/train/moderate/14857_1.jpg
30404,B,low,moderate,data/images/train/moderate/12822_1.jpg
30420,B,low,moderate,data/images/train/moderate/12839_1.jpg
30429,B,low,moderate,data/images/train/moderate/12848_1.jpg
30429,B,low,moderate,data/images/train/moderate/14899_1.jpg
30451,B,low,moderate,data/images/train/moderate/12870_1.jpg
30451,B,low,moderate,data/images/train/moderate/14920_1.jpg
30494,B,high,moderate,data/images/train/moderate/12939_1.jpg
30506,B,high,moderate,data/images/train/moderate/12956_1.jpg
30506,B,high,moderate,data/images/train/moderate/19839.jpg
30536,B,high,moderate,data/images/train/moderate/13027_1.jpg
30566,B,high,moderate,data/images/train/moderate/13084_1.jpg
30603,B,high,moderate,data/images/train/moderate/13139_1.jpg
30625,B,moderate,moderate,data/images/train/moderate/13193_1.jpg
30633,B,moderate,moderate,data/images/train/moderate/13226_1.jpg
30645,B,low,moderate,data/images/train/moderate/13253_1.jpg
30657,B,moderate,moderate,data/images/train/moderate/13268_1.jpg
30689,B,moderate,moderate,data/images/train/moderate/13351_1.jpg
30713,B,moderate,moderate,data/images/train/moderate/13392_1.jpg
30715,B,moderate,moderate,data/images/train/moderate/13395_1.jpg
30728,B,moderate,moderate,data/images/train/moderate/13411_1.jpg
30732,B,moderate,moderate,data/images/train/moderate/13422_1.jpg
30753,B,moderate,moderate,data/images/train/moderate/13446_1.jpg
30763,B,moderate,moderate,data/images/train/moderate/13466_1.jpg
30787,B,low,moderate,data/images/train/moderate/13491_1.jpg
30795,B,moderate,moderate,data/images/train/moderate/13499_1.jpg
30801,B,moderate,moderate,data/images/train/moderate/13520_1.jpg
30801,B,moderate,moderate,data/images/train/moderate/16876_1.jpg
30813,B,low,moderate,data/images/train/moderate/13541_1.jpg
30845,B,moderate,moderate,data/images/train/moderate/13573_1.jpg
30846,B,high,moderate,data/images/train/moderate/13574_1.jpg
30861,B,moderate,moderate,data/images/train/moderate/13589_1.jpg
30879,B,low,moderate,data/images/train/moderate/13607_1.jpg
30891,B,moderate,moderate,data/images/train/moderate/13619_1.jpg
30894,B,low,moderate,data/images/train/moderate/13622_1.jpg
30899,B,low,moderate,data/images/train/moderate/13627_1.jpg
30906,B,moderate,moderate,data/images/train/moderate/13634_1.jpg
30923,B,low,moderate,data/images/train/moderate/13652_1.jpg
30942,B,moderate,moderate,data/images/train/moderate/13675_1.jpg
30951,B,low,moderate,data/images/train/moderate/13723_1.jpg
30981,B,low,moderate,data/images/train/moderate/13761_1.jpg
30988,B,low,moderate,data/images/train/moderate/13771_1.jpg
31006,B,low,moderate,data/images/train/moderate/13809_1.jpg
31016,B,moderate,moderate,data/images/train/moderate/13823_1.jpg
31052,B,low,moderate,data/images/train/moderate/13890_1.jpg
31064,B,moderate,moderate,data/images/train/moderate/13903_1.jpg
31068,B,moderate,moderate,data/images/train/moderate/13907_1.jpg
31088,B,moderate,moderate,data/images/train/moderate/13933_1.jpg
31093,B,moderate,moderate,data/images/train/moderate/13938_1.jpg
31118,B,moderate,moderate,data/images/train/moderate/13982_1.jpg
31135,B,moderate,moderate,data/images/train/moderate/14013_1.jpg
31172,B,low,moderate,data/images/train/moderate/14075_1.jpg
31182,B,moderate,moderate,data/images/train/moderate/14108_1.jpg
31193,B,low,moderate,data/images/train/moderate/14121_1.jpg
31221,B,moderate,moderate,data/images/train/moderate/14199_1.jpg
31240,B,moderate,moderate,data/images/train/moderate/14242_1.jpg
31328,B,low,moderate,data/images/train/moderate/14386_1.jpg
31331,B,low,moderate,data/images/train/moderate/14389_1.jpg
31342,B,moderate,moderate,data/images/train/moderate/14400_1.jpg
31342,B,moderate,moderate,data/images/train/moderate/18595_1.jpg
31357,B,low,moderate,data/images/train/moderate/14415_1.jpg
31408,B,moderate,moderate,data/images/train/moderate/14511_1.jpg
31409,B,low,moderate,data/images/train/moderate/14512_1.jpg
31417,B,low,moderate,data/images/train/moderate/14520_1.jpg
31445,B,low,moderate,data/images/train/moderate/14548_1.jpg
31462,B,moderate,moderate,data/images/train/moderate/14606_1.jpg
31480,B,low,moderate,data/images/train/moderate/14663_1.jpg
31516,B,low,moderate,data/images/train/moderate/14754_1.jpg
31516,B,low,moderate,data/images/train/moderate/19873.jpg
31531,B,low,moderate,data/images/train/moderate/14780_1.jpg
31599,B,low,moderate,data/images/train/moderate/14885_1.jpg
31650,B,low,moderate,data/images/train/moderate/14957_1.jpg
31653,B,low,moderate,data/images/train/moderate/14960_1.jpg
31676,B,moderate,moderate,data/images/train/moderate/14983_1.jpg
31676,B,moderate,moderate,data/images/train/moderate/15867_1.jpg
31681,B,moderate,moderate,data/images/train/moderate/14988_1.jpg
31681,B,moderate,moderate,data/images/train/moderate/15918_1.jpg
31688,B,low,moderate,data/images/train/moderate/14995_1.jpg
31689,B,moderate,moderate,data/images/train/moderate/14996_1.jpg
31689,B,moderate,moderate,data/images/train/moderate/16219_1.jpg
31706,B,moderate,moderate,data/images/train/moderate/15013_1.jpg
31710,B,moderate,moderate,data/images/train/moderate/15017_1.jpg
31711,B,moderate,moderate,data/images/train/moderate/15018_1.jpg
31727,B,moderate,moderate,data/images/train/moderate/15034_1.jpg
31749,B,moderate,moderate,data/images/train/moderate/15059_1.jpg
31749,B,moderate,moderate,data/images/train/moderate/16913_1.jpg
31770,B,moderate,moderate,data/images/train/moderate/15080_1.jpg
31770,B,moderate,moderate,data/images/train/moderate/16016_1.jpg
31770,B,moderate,moderate,data/images/train/moderate/17058_1.jpg
31850,B,moderate,moderate,data/images/train/moderate/15161_1.jpg
31855,B,low,moderate,data/images/train/moderate/15166_1.jpg
31864,B,low,moderate,data/images/train/moderate/15175_1.jpg
31865,B,low,moderate,data/images/train/moderate/15176_1.jpg
31874,B,low,moderate,data/images/train/moderate/15185_1.jpg
31878,B,low,moderate,data/images/train/moderate/15189_1.jpg
31887,B,low,moderate,data/images/train/moderate/15198_1.jpg
31887,B,low,moderate,data/images/train/moderate/15567_1.jpg
31910,B,low,moderate,data/images/train/moderate/15221_1.jpg
31962,B,moderate,moderate,data/images/train/moderate/15274_1.jpg
31973,B,low,moderate,data/images/train/moderate/15285_1.jpg
31976,B,moderate,moderate,data/images/train/moderate/15288_1.jpg
31985,B,low,moderate,data/images/train/moderate/15297_1.jpg
31986,B,low,moderate,data/images/train/moderate/15298_1.jpg
31994,B,low,moderate,data/images/train/moderate/15306_1.jpg
31994,B,low,moderate,data/images/train/moderate/16930_1.jpg
31994,B,low,moderate,data/images/train/moderate/19611.jpg
32054,B,moderate,moderate,data/images/train/moderate/15366_1.jpg
32063,B,low,moderate,data/images/train/moderate/15375_1.jpg
32068,B,moderate,moderate,data/images/train/moderate/15380_1.jpg
32068,B,moderate,moderate,data/images/train/moderate/19578.jpg
32075,B,moderate,moderate,data/images/train/moderate/15387_1.jpg
32082,B,moderate,moderate,data/images/train/moderate/15394_1.jpg
32124,B,low,moderate,data/images/train/moderate/15437_1.jpg
32158,B,moderate,moderate,data/images/train/moderate/15474_1.jpg
32173,B,moderate,moderate,data/images/train/moderate/15489_1.jpg
32173,B,moderate,moderate,data/images/train/moderate/19935.jpg
32176,B,low,moderate,data/images/train/moderate/15492_1.jpg
32198,B,moderate,moderate,data/images/train/moderate/15514_1.jpg
32221,B,low,moderate,data/images/train/moderate/15537_1.jpg
32221,B,low,moderate,data/images/train/moderate/17092_1.jpg
32225,B,low,moderate,data/images/train/moderate/15543_1.jpg
32237,B,low,moderate,data/images/train/moderate/15555_1.jpg
32265,B,moderate,moderate,data/images/train/moderate/15588_1.jpg
32293,B,low,moderate,data/images/train/moderate/15619_1.jpg
32301,B,low,moderate,data/images/train/moderate/15627_1.jpg
32301,B,low,moderate,data/images/train/moderate/16436_1.jpg
32351,B,moderate,moderate,data/images/train/moderate/15682_1.jpg
32380,B,high,moderate,data/images/train/moderate/15714_1.jpg
32402,B,moderate,moderate,data/images/train/moderate/15736_1.jpg
32411,B,moderate,moderate,data/images/train/moderate/15745_1.jpg
32428,B,moderate,moderate,data/images/train/moderate/15762_1.jpg
32466,B,low,moderate,data/images/train/moderate/15802_1.jpg
32507,B,low,moderate,data/images/train/moderate/15843_1.jpg
32507,B,low,moderate,data/images/train/moderate/17149_1.jpg
32509,B,low,moderate,data/images/train/moderate/15845_1.jpg
32511,B,moderate,moderate,data/images/train/moderate/15847_1.jpg
32553,B,low,moderate,data/images/train/moderate/15897_1.jpg
32584,B,moderate,moderate,data/images/train/moderate/15933_1.jpg
32589,B,moderate,moderate,data/images/train/moderate/15939_1.jpg
32632,B,low,moderate,data/images/train/moderate/15987_1.jpg
32676,B,low,moderate,data/images/train/moderate/16034_1.jpg
32700,B,moderate,moderate,data/images/train/moderate/16060_1.jpg
32737,B,low,moderate,data/images/train/moderate/16104_1.jpg
32753,B,moderate,moderate,data/images/train/moderate/16122_1.jpg
32753,B,moderate,moderate,data/images/train/moderate/17220_1.jpg
32765,B,low,moderate,data/images/train/moderate/16135_1.jpg
32774,B,low,moderate,data/images/train/moderate/16145_1.jpg
32782,B,low,moderate,data/images/train/moderate/16154_1.jpg
32792,B,low,moderate,data/images/train/moderate/16167_1.jpg
32803,B,moderate,moderate,data/images/train/moderate/16179_1.jpg
32819,B,moderate,moderate,data/images/train/moderate/16197_1.jpg
32896,B,low,moderate,data/images/train/moderate/16285_1.jpg
32923,B,moderate,moderate,data/images/train/moderate/16317_1.jpg
32949,B,low,moderate,data/images/train/moderate/16345_1.jpg
32961,B,low,moderate,data/images/train/moderate/16363_1.jpg
32962,B,low,moderate,data/images/train/moderate/16364_1.jpg
33024,B,high,moderate,data/images/train/moderate/16431_1.jpg
33035,B,low,moderate,data/images/train/moderate/16443_1.jpg
33062,B,low,moderate,data/images/train/moderate/16475_1.jpg
33108,B,low,moderate,data/images/train/moderate/16524_1.jpg
33121,B,low,moderate,data/images/train/moderate/16540_1.jpg
33132,B,low,moderate,data/images/train/moderate/16552_1.jpg
33132,B,low,moderate,data/images/train/moderate/19100_1.jpg
33133,B,moderate,moderate,data/images/train/moderate/16553_1.jpg
33137,B,moderate,moderate,data/images/train/moderate/16557_1.jpg
33142,B,moderate,moderate,data/images/train/moderate/16563_1.jpg
33142,B,moderate,moderate,data/images/train/moderate/16867_1.jpg
33149,B,moderate,moderate,data/images/train/moderate/16570_1.jpg
33157,B,low,moderate,data/images/train/moderate/16581_1.jpg
33180,B,moderate,moderate,data/images/train/moderate/16609_1.jpg
33202,B,low,moderate,data/images/train/moderate/16638_1.jpg
33288,B,low,moderate,data/images/train/moderate/16738_1.jpg
33297,B,moderate,moderate,data/images/train/moderate/16748_1.jpg
33306,B,low,moderate,data/images/train/moderate/16763_1.jpg
33306,B,low,moderate,data/images/train/moderate/19577.jpg
33328,B,moderate,moderate,data/images/train/moderate/16795_1.jpg
33328,B,moderate,moderate,data/images/train/moderate/17046_1.jpg
33362,B,low,moderate,data/images/train/moderate/16841_1.jpg
33383,B,moderate,moderate,data/images/train/moderate/16864_1.jpg
33383,B,moderate,moderate,data/images/train/moderate/17059_1.jpg
33507,B,low,moderate,data/images/train/moderate/17020_1.jpg
33545,B,moderate,moderate,data/images/train/moderate/17066_1.jpg
33578,B,high,moderate,data/images/train/moderate/17108_1.jpg
33579,B,low,moderate,data/images/train/moderate/17109_1.jpg
33585,B,low,moderate,data/images/train/moderate/17120_1.jpg
33593,B,low,moderate,data/images/train/moderate/17131_1.jpg
33616,B,moderate,moderate,data/images/train/moderate/17161_1.jpg
33708,B,high,moderate,data/images/train/moderate/17267_1.jpg
33728,B,low,moderate,data/images/train/moderate/17288_1.jpg
33741,B,moderate,moderate,data/images/train/moderate/17301_1.jpg
33741,B,moderate,moderate,data/images/train/moderate/18728_1.jpg
33781,B,moderate,moderate,data/images/train/moderate/17342_1.jpg
33804,B,low,moderate,data/images/train/moderate/17367_1.jpg
33812,B,low,moderate,data/images/train/moderate/17375_1.jpg
33812,B,low,moderate,data/images/train/moderate/17569_1.jpg
33824,B,low,moderate,data/images/train/moderate/17387_1.jpg
33841,B,moderate,moderate,data/images/train/moderate/17404_1.jpg
33867,B,low,moderate,data/images/train/moderate/17430_1.jpg
33889,B,low,moderate,data/images/train/moderate/17452_1.jpg
33893,B,low,moderate,data/images/train/moderate/17456_1.jpg
33932,B,low,moderate,data/images/train/moderate/17496_1.jpg
33943,B,low,moderate,data/images/train/moderate/17508_1.jpg
33986,B,low,moderate,data/images/train/moderate/17552_1.jpg
34003,B,low,moderate,data/images/train/moderate/17571_1.jpg
34020,B,moderate,moderate,data/images/train/moderate/17590_1.jpg
34022,B,moderate,moderate,data/images/train/moderate/17592_1.jpg
34027,B,low,moderate,data/images/train/moderate/17598_1.jpg
34031,B,moderate,moderate,data/images/train/moderate/17602_1.jpg
34036,B,low,moderate,data/images/train/moderate/17607_1.jpg
34036,B,low,moderate,data/images/train/moderate/17857_1.jpg
34036,B,low,moderate,data/images/train/moderate/19639.jpg
34037,B,low,moderate,data/images/train/moderate/17608_1.jpg
34039,B,low,moderate,data/images/train/moderate/17610_1.jpg
34039,B,low,moderate,data/images/train/moderate/19438.jpg
34072,B,high,moderate,data/images/train/moderate/17643_1.jpg
34075,B,moderate,moderate,data/images/train/moderate/17646_1.jpg
34080,B,low,moderate,data/images/train/moderate/17651_1.jpg
34084,B,low,moderate,data/images/train/moderate/17655_1.jpg
34085,B,low,moderate,data/images/train/moderate/17656_1.jpg
34115,B,low,moderate,data/images/train/moderate/17687_1.jpg
34161,B,low,moderate,data/images/train/moderate/17736_1.jpg
34181,B,low,moderate,data/images/train/moderate/17757_1.jpg
34194,B,low,moderate,data/images/train/moderate/17771_1.jpg
34208,B,low,moderate,data/images/train/moderate/17787_1.jpg
34212,B,moderate,moderate,data/images/train/moderate/17793_1.jpg
34246,B,moderate,moderate,data/images/train/moderate/17828_1.jpg
34250,B,moderate,moderate,data/images/train/moderate/17832_1.jpg
34268,B,low,moderate,data/images/train/moderate/17850_1.jpg
34277,B,moderate,moderate,data/images/train/moderate/17860_1.jpg
34288,B,low,moderate,data/images/train/moderate/17872_1.jpg
34304,B,low,moderate,data/images/train/moderate/17890_1.jpg
34304,B,low,moderate,data/images/train/moderate/18429_1.jpg
34306,B,moderate,moderate,data/images/train/moderate/17892_1.jpg
34315,B,moderate,moderate,data/images/train/moderate/17901_1.jpg
34324,B,low,moderate,data/images/train/moderate/17912_1.jpg
34351,B,moderate,moderate,data/images/train/moderate/17940_1.jpg
34360,B,low,moderate,data/images/train/moderate/17950_1.jpg
34375,B,high,moderate,data/images/train/moderate/17965_1.jpg
34387,B,low,moderate,data/images/train/moderate/17980_1.jpg
34404,B,low,moderate,data/images/train/moderate/17998_1.jpg
34413,B,moderate,moderate,data/images/train/moderate/18008_1.jpg
34415,B,low,moderate,data/images/train/moderate/18010_1.jpg
34426,B,low,moderate,data/images/train/moderate/18022_1.jpg
34426,B,low,moderate,data/images/train/moderate/19846.jpg
34437,B,moderate,moderate,data/images/train/moderate/18034_1.jpg
34496,B,moderate,moderate,data/images/train/moderate/18099_1.jpg
34496,B,moderate,moderate,data/images/train/moderate/18421_1.jpg
34505,B,moderate,moderate,data/images/train/moderate/18109_1.jpg
34505,B,moderate,moderate,data/images/train/moderate/18184_1.jpg
34536,B,low,moderate,data/images/train/moderate/18143_1.jpg
34628,B,moderate,moderate,data/images/train/moderate/18244_1.jpg
34646,B,high,moderate,data/images/train/moderate/18266_1.jpg
34647,B,moderate,moderate,data/images/train/moderate/18267_1.jpg
34647,B,moderate,moderate,data/images/train/moderate/19111_1.jpg
34656,B,low,moderate,data/images/train/moderate/18277_1.jpg
34658,B,high,moderate,data/images/train/moderate/18280_1.jpg
34665,B,moderate,moderate,data/images/train/moderate/18287_1.jpg
34683,B,low,moderate,data/images/train/moderate/18310_1.jpg
34704,B,low,moderate,data/images/train/moderate/18333_1.jpg
34710,B,moderate,moderate,data/images/train/moderate/18340_1.jpg
34728,B,low,moderate,data/images/train/moderate/18362_1.jpg
34752,B,high,moderate,data/images/train/moderate/18391_1.jpg
34753,B,low,moderate,data/images/train/moderate/18392_1.jpg
34798,B,low,moderate,data/images/train/moderate/18442_1.jpg
34871,B,low,moderate,data/images/train/moderate/18525_1.jpg
34871,B,low,moderate,data/images/train/moderate/18778_1.jpg
34879,B,low,moderate,data/images/train/moderate/18533_1.jpg
34879,B,low,moderate,data/images/train/moderate/19676.jpg
34902,B,moderate,moderate,data/images/train/moderate/18557_1.jpg
34966,B,low,moderate,data/images/train/moderate/18638_1.jpg
34967,B,high,moderate,data/images/train/moderate/18639_1.jpg
34982,B,high,moderate,data/images/train/moderate/18654_1.jpg
35004,B,low,moderate,data/images/train/moderate/18677_1.jpg
35029,B,moderate,moderate,data/images/train/moderate/18709_1.jpg
35032,B,moderate,moderate,data/images/train/moderate/18712_1.jpg
35045,B,low,moderate,data/images/train/moderate/18726_1.jpg
35065,B,low,moderate,data/images/train/moderate/18748_1.jpg
35080,B,low,moderate,data/images/train/moderate/18765_1.jpg
35083,B,low,moderate,data/images/train/moderate/18769_1.jpg
35086,B,moderate,moderate,data/images/train/moderate/18772_1.jpg
35086,B,moderate,moderate,data/images/train/moderate/19469.jpg
35096,B,moderate,moderate,data/images/train/moderate/18785_1.jpg
35099,B,low,moderate,data/images/train/moderate/18790_1.jpg
35138,B,low,moderate,data/images/train/moderate/18834_1.jpg
35140,B,low,moderate,data/images/train/moderate/18837_1.jpg
35141,B,moderate,moderate,data/images/train/moderate/18838_1.jpg
35154,B,low,moderate,data/images/train/moderate/18852_1.jpg
35169,B,high,moderate,data/images/train/moderate/18869_1.jpg
35184,B,low,moderate,data/images/train/moderate/18885_1.jpg
35206,B,low,moderate,data/images/train/moderate/18909_1.jpg
35209,B,low,moderate,data/images/train/moderate/18912_1.jpg
35233,B,moderate,moderate,data/images/train/moderate/18939_1.jpg
35246,B,moderate,moderate,data/images/train/moderate/18953_1.jpg
35250,B,moderate,moderate,data/images/train/moderate/18957_1.jpg
35265,B,moderate,moderate,data/images/train/moderate/18975_1.jpg
35302,B,low,moderate,data/images/train/moderate/19022_1.jpg
35307,B,low,moderate,data/images/train/moderate/19029_1.jpg
35324,B,low,moderate,data/images/train/moderate/19050_1.jpg
35325,B,low,moderate,data/images/train/moderate/19051_1.jpg
35346,B,moderate,moderate,data/images/train/moderate/19075_1.jpg
35359,B,low,moderate,data/images/train/moderate/19091_1.jpg
35367,B,low,moderate,data/images/train/moderate/19099_1.jpg
35402,B,low,moderate,data/images/train/moderate/19141_1.jpg
35432,B,low,moderate,data/images/train/moderate/19173_1.jpg
35433,B,low,moderate,data/images/train/moderate/19175_1.jpg
35465,B,low,moderate,data/images/train/moderate/19216_1.jpg
35516,B,low,moderate,data/images/train/moderate/19278_1.jpg
35541,B,low,moderate,data/images/train/moderate/19311_1.jpg
35546,B,low,moderate,data/images/train/moderate/19318_1.jpg
35601,B,low,moderate,data/images/train/moderate/19379.jpg
35603,B,low,moderate,data/images/train/moderate/19381.jpg
35644,B,moderate,moderate,data/images/train/moderate/19431.jpg
35660,B,moderate,moderate,data/images/train/moderate/19449.jpg
35689,B,low,moderate,data/images/train/moderate/19740.jpg
0,C,moderate,high,data/images/train/high/image1018_jpg.rf.a5e83d6bf462e304d69ec86bfd1caa22.jpg
0,C,moderate,high,data/images/train/high/image704_jpg.rf.c8b88c116ccab347c6186b3805cada1d.jpg
1,C,moderate,high,data/images/train/high/image101_jpg.rf.71905c37d7409efd7b6fb3619023e2e1.jpg
2,C,moderate,high,data/images/train/high/image1023_jpg.rf.759e296d3a790c9bfc37973f12199e96.jpg
3,C,moderate,high,data/images/train/high/image1033-2-_jpg.rf.941f3c6d45d32c98f8f001942d682cff.jpg
4,C,high,high,data/images/train/high/image1033_jpg.rf.ad8ac1bba89237f1b4278b0b3851c8b9.jpg
5,C,high,high,data/images/train/high/image1035_jpg.rf.d9ed93af9c3f55043d37d88c196f9f45.jpg
5,C,high,high,data/images/train/high/image1695_jpg.rf.c43db6c5a1add3d402ad5021940b12dd.jpg
6,C,high,high,data/images/train/high/image1040_jpg.rf.f8a73085b1f3224fcf5ee70f9d13a2cb.jpg
6,C,high,high,data/images/train/high/image2047_jpg.rf.277c045175539c2aa64405babc2e8b1a.jpg
7,C,junk,high,data/images/train/high/image1041_jpg.rf.fd1f976c468bb10331a01f10104fdaf5.jpg
8,C,high,high,data/images/train/high/image1043_jpg.rf.5203416b343879cee31c7a572c112b49.jpg
9,C,high,high,data/images/train/high/image1064_jpg.rf.511841bff6714cb4fa77f4aa6488fe55.jpg
10,C,moderate,high,data/images/train/high/image1086_jpg.rf.c5c7db048f981da23a01cf3c71baf497.jpg
11,C,moderate,high,data/images/train/high/image1089_jpg.rf.dddb0f91fee8f94476c5fe78b4c3e6ed.jpg
12,C,moderate,high,data/images/train/high/image108_jpg.rf.0524e2d7f86f725c767d79eed9e30354.jpg
13,C,high,high,data/images/train/high/image1092_jpg.rf.c5324cd15bfcfa7e8f088598773b4221.jpg
14,C,high,high,data/images/train/high/image1094_jpg.rf.d650a15977c9ac6b8c111529303cf7b8.jpg
15,C,moderate,high,data/images/train/high/image1096_jpg.rf.774266c2629a0a076a5c8f6df9bcd1a6.jpg
16,C,high,high,data/images/train/high/image1098_jpg.rf.7cf1d4866cbf04f00c2c54c27e2521b9.jpg
17,C,high,high,data/images/train/high/image1106_jpg.rf.568b70b82d06f6ed715798fa1219b142.jpg
18,C,high,high,data/images/train/high/image1108_jpg.rf.0ecf20593935038c1a0b7539c7778683.jpg
19,C,moderate,high,data/images/train/high/image110_jpg.rf.d0c094022cdf08ffe387cce62adc330c.jpg
20,C,moderate,high,data/images/train/high/image1116_jpg.rf.d9740cdeb9363af75d1ee00fe9ba212d.jpg
21,C,moderate,high,data/images/train/high/image1118_jpg.rf.5d426514d5dc23802f150745b00725b3.jpg
22,C,moderate,high,data/images/train/high/image1121_jpg.rf.91317586ef1fb9d904e065a754a2403a.jpg
23,C,high,high,data/images/train/high/image1123_jpg.rf.e35a76a83eaef5de8f66fababd94716d.jpg
24,C,moderate,high,data/images/train/high/image1128_jpg.rf.036d243605f1bb5245f2364089da904c.jpg
25,C,high,high,data/images/train/high/image1133_jpg.rf.e39e49ce825db60cd464c5a4ebedb058.jpg
26,C,moderate,high,data/images/train/high/image1135_jpg.rf.e69900f926b1c39c3542ad569609b7ed.jpg
27,C,moderate,high,data/images/train/high/image1136_jpg.rf.d40e7e8ddb9067e0fd1329209cd9535b.jpg
28,C,moderate,high,data/images/train/high/image1137_jpg.rf.c5fa887d62c04ce73318b1477776c49e.jpg
29,C,high,high,data/images/train/high/image1139_jpg.rf.2075dae7232f74c2547d938789eb3d50.jpg
29,C,high,high,data/images/train/high/image1991_jpg.rf.98a1a6a729039dc0e489ebce7b08ef68.jpg
30,C,high,high,data/images/train/high/image113_jpg.rf.791162a3b6b980306ae98aa6a011f6e3.jpg
31,C,high,high,data/images/train/high/image1140_jpg.rf.2a4d8e95f6cc8b8e02c1df3598061bf4.jpg
32,C,high,high,data/images/train/high/image1157_jpg.rf.97d7fa13898e92f999b5aaf0a2e2e798.jpg
33,C,moderate,high,data/images/train/high/image1171_jpg.rf.57fcb2563cc7b4965fce1b5b8c0a9b47.jpg
34,C,high,high,data/images/train/high/image1172_jpg.rf.60b58d6ca0a08cbf2487c9578ab275f6.jpg
35,C,moderate,high,data/images/train/high/image1173_jpg.rf.a3027ad94b8a6f1bd0acc695482cc976.jpg
36,C,moderate,high,data/images/train/high/image1174_jpg.rf.a10b15799ed6ef45e605d9d73beeac15.jpg
37,C,high,high,data/images/train/high/image117_jpg.rf.63a12845f6a3511d22cc3bcae16efdf0.jpg
38,C,moderate,high,data/images/train/high/image1181_jpg.rf.9bfa57b17ef6822b3f342dea3017f595.jpg
38,C,moderate,high,data/images/train/high/image1325_jpg.rf.bb2b59d0ef4cf4391b9dc803090dc9fc.jpg
39,C,high,high,data/images/train/high/image1184_jpg.rf.85771e1c89a1f89c19ee28054ac83fda.jpg
40,C,moderate,high,data/images/train/high/image1185_jpg.rf.7389699e1373d2f854868057b4bed4f1.jpg
42,C,high,high,data/images/train/high/image1202_jpg.rf.a8326bb1c2d22a5aad4090367c5934f1.jpg
43,C,high,high,data/images/train/high/image1204_jpg.rf.1abeb584abd5970b4e96b3af3b8741f6.jpg
44,C,junk,high,data/images/train/high/image120_jpg.rf.50ffd14c5523d52990fba8065ef30a98.jpg
45,C,moderate,high,data/images/train/high/image1211_jpg.rf.88a8be910be6812bc73fbaf88762e6da.jpg
46,C,junk,high,data/images/train/high/image1212_jpg.rf.2d916a689862e21da70bf5e5ca11688a.jpg
47,C,high,high,data/images/train/high/image1215_jpg.rf.665ffd2655bc62988fc2446a84174c6e.jpg
48,C,junk,high,data/images/train/high/image1218_jpg.rf.a3ee60a5c0e755f505ce6a2d3565ef4a.jpg
49,C,moderate,high,data/images/train/high/image121_jpg.rf.6147d54dcec4a92879e4a8100faece21.jpg
50,C,high,high,data/images/train/high/image1224_jpg.rf.77ddfa318b0d3c255552205c9a8934a6.jpg
51,C,moderate,high,data/images/train/high/image1227_jpg.rf.26aa6014478816b6b52b76a55b2d2c4e.jpg
52,C,moderate,high,data/images/train/high/image1232_jpg.rf.c131155020b7d41fd7299c087362a713.jpg
53,C,high,high,data/images/train/high/image123_jpg.rf.0ea5f56b228f227a760a63977e48fa60.jpg
54,C,moderate,high,data/images/train/high/image1240_jpg.rf.bd75cc90d0a41ce0edb5f8f6e4f6c7dc.jpg
55,C,junk,high,data/images/train/high/image1241_jpg.rf.830c5ad96673fc4a227c4004055a1720.jpg
56,C,moderate,high,data/images/train/high/image1243_jpg.rf.87c985fb3ff2f2cbdf3c269c262f8807.jpg
57,C,moderate,high,data/images/train/high/image1244_jpg.rf.ec87846e055a133ec09a0005cd008536.jpg
58,C,moderate,high,data/images/train/high/image1247_jpg.rf.54e50263b12ccf8e50c35fde00a03576.jpg
59,C,high,high,data/images/train/high/image1249_jpg.rf.576afb1b141d7cd75105e36746f222b5.jpg
60,C,low,high,data/images/train/high/image1250_jpg.rf.d90d60c835e1ff7d677c307f0e21345b.jpg
61,C,moderate,high,data/images/train/high/image1255_jpg.rf.5a8da04c8a9fbfa24cd4824d206addf2.jpg
62,C,high,high,data/images/train/high/image1258_jpg.rf.a9e4b7ae70fa7aaeb99a2593dc4d9896.jpg
63,C,high,high,data/images/train/high/image1260_jpg.rf.9aa62c9658c0b8b49e1bc850a169da0a.jpg
64,C,moderate,high,data/images/train/high/image1263_jpg.rf.12d47f7ee4fdd57d236848ca1f720236.jpg
65,C,high,high,data/images/train/high/image1268_jpg.rf.2a828b8be54fc62fbe3ee1d283c4a290.jpg
66,C,low,high,data/images/train/high/image1273_jpg.rf.d403662f668dcaba5140e54bd2a7a8c0.jpg
67,C,junk,high,data/images/train/high/image1274_jpg.rf.2415707ae42bc0509e8683e66d94313d.jpg
68,C,moderate,high,data/images/train/high/image1275_jpg.rf.c28b5d9fb93cbf1188dd98a88657abe2.jpg
69,C,junk,high,data/images/train/high/image1276-2-_jpg.rf.57c3d2c182dd5eca303f5e5fd022bb2e.jpg
70,C,moderate,high,data/images/train/high/image1276_jpg.rf.8e295d343effd141867373565e9c95e0.jpg
71,C,high,high,data/images/train/high/image1277-2-_jpg.rf.c70f626cd22e892701226933b421ff4d.jpg
72,C,moderate,high,data/images/train/high/image1277_jpg.rf.bea39e2b67a23e01e4a6e04680ddae6e.jpg
73,C,junk,high,data/images/train/high/image1299_jpg.rf.56dd047b75918f724619d9bfd8263376.jpg
74,C,moderate,high,data/images/train/high/image1300_jpg.rf.64a37fdfea5ee179e9e81c588eb8f0d2.jpg
75,C,moderate,high,data/images/train/high/image1301_jpg.rf.a27c050420d7f7b97693e83f0f32b61f.jpg
76,C,moderate,high,data/images/train/high/image1312_jpg.rf.8cda778a9b007afb540bca5e3014ccec.jpg
77,C,high,high,data/images/train/high/image1316_jpg.rf.23a6a962e44d9d106f7299c19c4b5e18.jpg
78,C,moderate,high,data/images/train/high/image1319_jpg.rf.2a75d7e128d8f8507be080cff1b5c80e.jpg
79,C,high,high,data/images/train/high/image1320_jpg.rf.47d6eba6d7e4a1be334a0a4bdc6b684c.jpg
80,C,high,high,data/images/train/high/image1322_jpg.rf.ece6967c5630ba7a384068be7a64532d.jpg
80,C,high,high,data/images/train/high/image2033_jpg.rf.144bd154c35ff5e61b3d2b370f3e72de.jpg
81,C,high,high,data/images/train/high/image1326_jpg.rf.6a758bb3154790a3327c555b9f3c87a2.jpg
82,C,junk,high,data/images/train/high/image1332_jpg.rf.f9a1d2126e8645cb44baa2d3334e24cb.jpg
83,C,high,high,data/images/train/high/image1334_jpg.rf.3a8775dcc3274941ca189cf9feec1098.jpg
84,C,moderate,high,data/images/train/high/image1337_jpg.rf.94fa2bca8aebf7a2c49b67a538938210.jpg
85,C,junk,high,data/images/train/high/image1338_jpg.rf.ccc6bb20b45a641b6b6ca806fabe4a65.jpg
86,C,moderate,high,data/images/train/high/image1349_jpg.rf.054306a8d14e4b114ff764c42749e54e.jpg
87,C,moderate,high,data/images/train/high/image1351_jpg.rf.0ca9e87584a77c7a7f28e7cb0581b559.jpg
88,C,moderate,high,data/images/train/high/image1354_jpg.rf.c99a99cbef5ccc1e1cc434931b9c198b.jpg
89,C,moderate,high,data/images/train/high/image1355_jpg.rf.658b1d5cd67323a31d0076affc604b0e.jpg
90,C,moderate,high,data/images/train/high/image1358_jpg.rf.78d34c7ba82fba2ba04434d91d10d68f.jpg
91,C,moderate,high,data/images/train/high/image135_jpg.rf.83de4f8fa6b4d931077e69f44b1d40e4.jpg
92,C,moderate,high,data/images/train/high/image1360_jpg.rf.2f4fd013f86d8eac54be5a07b4727f7b.jpg
93,C,high,high,data/images/train/high/image1366-2-_jpg.rf.6d7da90b626c806d5998bdc84f20e998.jpg
94,C,junk,high,data/images/train/high/image1366_jpg.rf.53d372cb917e91914338a66ecb3eee0d.jpg
95,C,moderate,high,data/images/train/high/image1369_jpg.rf.19c07a89c3ffc575f146afb4f55dfc3b.jpg
96,C,moderate,high,data/images/train/high/image1374_jpg.rf.916590fc5d9c4591cac92c7d93c0f0c6.jpg
97,C,moderate,high,data/images/train/high/image1375_jpg.rf.e75f51aa0f12ada69c900b7a428a4e02.jpg
98,C,high,high,data/images/train/high/image137_jpg.rf.6b653f41afbe3d515cf83332cd7fdd01.jpg
99,C,moderate,high,data/images/train/high/image1383-2-_jpg.rf.4a6d97de31432a55cce70a34d697a8d3.jpg
100,C,moderate,high,data/images/train/high/image1383_jpg.rf.66b9541d39728c00032fba62a689f0e1.jpg
101,C,high,high,data/images/train/high/image1387_jpg.rf.2d7b2a77dfd7a385e0cdf80977b5c642.jpg
102,C,moderate,high,data/images/train/high/image1393_jpg.rf.2a28ea3ff4a3274c35a376ee976c65d4.jpg
103,C,high,high,data/images/train/high/image1395_jpg.rf.cb9a4225376da06619a09e57310e6afc.jpg
104,C,high,high,data/images/train/high/image1401_jpg.rf.cf27e276a78a2fc7b4a56aa88a308034.jpg
105,C,high,high,data/images/train/high/image1404_jpg.rf.8ed2c8d848d1b3b010fb4f817f7c8b17.jpg
106,C,high,high,data/images/train/high/image140_jpg.rf.3ddd5117c0fe0e007b4a6f2bb7825cb9.jpg
107,C,moderate,high,data/images/train/high/image1410_jpg.rf.c4138515f50b8c50a71c5f87f4ccec8e.jpg
108,C,junk,high,data/images/train/high/image1417_jpg.rf.b9a4d31bdbb67eda0053c88fd716fbad.jpg
109,C,moderate,high,data/images/train/high/image1418_jpg.rf.f46ff4c6fbbfbfcc93efb399a3a6a9fe.jpg
110,C,moderate,high,data/images/train/high/image1421_jpg.rf.28de76ba36af5e912177e6a8918c765f.jpg
111,C,junk,high,data/images/train/high/image1422_jpg.rf.8a42c2ba7a15183e388da05f060ead0b.jpg
112,C,junk,high,data/images/train/high/image1425_jpg.rf.6a559d1a5f7d4771b592bbe81bcd5a87.jpg
113,C,high,high,data/images/train/high/image143_jpg.rf.7ccfa762790d2ef11e7877bae68e7ab0.jpg
114,C,high,high,data/images/train/high/image1441_jpg.rf.9b463877b7dbc9e25676ce8129f34e57.jpg
115,C,moderate,high,data/images/train/high/image1445_jpg.rf.bdb00b03c2956b8d60eea485c478435c.jpg
116,C,high,high,data/images/train/high/image1450-2-_jpg.rf.3aab1fd16f5ff5fd8448f688100cbdfb.jpg
117,C,junk,high,data/images/train/high/image1450_jpg.rf.34c3ed60142d1d3f2a29cf8c514a878e.jpg
118,C,high,high,data/images/train/high/image1451_jpg.rf.4f328dcecb3806a19b6418326944d22f.jpg
119,C,moderate,high,data/images/train/high/image145_jpg.rf.0fd38b0c5fa4ba9f7df9b8be3e4706a5.jpg
120,C,high,high,data/images/train/high/image1462_jpg.rf.8207ff35f9d635796cb8c034d1be337a.jpg
121,C,junk,high,data/images/train/high/image1464_jpg.rf.da4ced585cbf1bfb42ba18915320c78c.jpg
122,C,junk,high,data/images/train/high/image1469_jpg.rf.af08fff2c643cf8c5c07d1781e8d8a61.jpg
123,C,moderate,high,data/images/train/high/image1470_jpg.rf.6088f46b9da1e4b2c3c48f7bc614412c.jpg
124,C,moderate,high,data/images/train/high/image1471-2-_jpg.rf.af197db76be0bbe90277c6b25638a112.jpg
125,C,moderate,high,data/images/train/high/image1471_jpg.rf.20486654223a7ec7e712ce1a4bfd187c.jpg
126,C,moderate,high,data/images/train/high/image1472_jpg.rf.e462e292b530ed1cb63888dbf1eaf5df.jpg
127,C,moderate,high,data/images/train/high/image1474_jpg.rf.f9c2b2b37025f555ecb4a18b24edbb70.jpg
128,C,moderate,high,data/images/train/high/image1495_jpg.rf.78916bb4bdc07f7fa26f4e714e539e32.jpg
130,C,junk,high,data/images/train/high/image1512_jpg.rf.f6272fae3a3e42ec3069976da270390f.jpg
131,C,junk,high,data/images/train/high/image1515_jpg.rf.85913b25cb43926dd3dd095b1861abc2.jpg
132,C,junk,high,data/images/train/high/image1517_jpg.rf.04dc9fcc763b3f8bacc842238b86cd2a.jpg
132,C,junk,high,data/images/train/high/image2080_jpg.rf.5979fed64176742de9c3cb34fa93779b.jpg
133,C,moderate,high,data/images/train/high/image151_jpg.rf.f901b3145fe500e9fc329dd91da9246f.jpg
134,C,high,high,data/images/train/high/image1523_jpg.rf.68e8d8b730bd0c3ad1c47c26b27cd5cf.jpg
135,C,low,high,data/images/train/high/image1526_jpg.rf.3b0a926830bc8d16ee2e38a67c5dff40.jpg
136,C,moderate,high,data/images/train/high/image1530_jpg.rf.1273cf37d51fc27060bfe31f7955ee90.jpg
137,C,moderate,high,data/images/train/high/image1536_jpg.rf.c8af580971f84de9560f340136540ce0.jpg
138,C,moderate,high,data/images/train/high/image1555_jpg.rf.e3bd502559f478a3c5865eb26ac2cb3b.jpg
139,C,moderate,high,data/images/train/high/image1557_jpg.rf.b5667199fb954ac47cc1829a54b31c61.jpg
140,C,moderate,high,data/images/train/high/image1558_jpg.rf.c3c4e1fb887f12d5bf527e1b4568e0bd.jpg
141,C,junk,high,data/images/train/high/image1561_jpg.rf.e0da48db7bb3aeeeb9b2680f216f55bc.jpg
141,C,junk,high,data/images/train/high/image1688_jpg.rf.0470d4dca88269483f881df894c6b4ea.jpg
142,C,junk,high,data/images/train/high/image156_jpg.rf.6b9b65c5cf884bf334d1a8bb8779c672.jpg
143,C,moderate,high,data/images/train/high/image1575_jpg.rf.0cbb7f1201016192fb7d008d288961da.jpg
144,C,moderate,high,data/images/train/high/image1580_jpg.rf.00a23367fd151a0a886782e51be78344.jpg
145,C,moderate,high,data/images/train/high/image1597_jpg.rf.0b04d1f3d9d1dd81ce5c3c1cf17ed48d.jpg
146,C,moderate,high,data/images/train/high/image1606_jpg.rf.b04b83841641c4c7ccc1523e78a8d2f1.jpg
147,C,moderate,high,data/images/train/high/image1612_jpg.rf.5330764490252aeaa4f9d87aefd386ea.jpg
148,C,moderate,high,data/images/train/high/image1613_jpg.rf.b59d1a2ee8ec9e6b387849d4158446b1.jpg
149,C,moderate,high,data/images/train/high/image1614_jpg.rf.783f3e6c6b3ce1743523363f59f505fa.jpg
150,C,high,high,data/images/train/high/image1622_jpg.rf.25e28e217073b2ec1b4ec292ceefead1.jpg
151,C,moderate,high,data/images/train/high/image1623_jpg.rf.436acb4d7201dbd885ed63e94c1e24e0.jpg
152,C,high,high,data/images/train/high/image1632_jpg.rf.109dcc89d1b979acd5adc3716afc9617.jpg
153,C,moderate,high,data/images/train/high/image1636_jpg.rf.3cb1a796351d6700a72a02fe11fea442.jpg
154,C,moderate,high,data/images/train/high/image1649_jpg.rf.abba743dcd4e04f580362bbac2a82fee.jpg
155,C,junk,high,data/images/train/high/image1654_jpg.rf.bb92497857511f59cf5277fc390fd53f.jpg
156,C,high,high,data/images/train/high/image1655_jpg.rf.2d83ef4daeb584b4963ed05813de13bf.jpg
156,C,high,high,data/images/train/high/image634_jpg.rf.ba427699283bfa7c4e262a34637af3dc.jpg
157,C,moderate,high,data/images/train/high/image1658_jpg.rf.0c23d6ea367193b2ba5d3d32aef81e75.jpg
158,C,high,high,data/images/train/high/image1660_jpg.rf.14a40f952c1c30d260b33e80b67865f0.jpg
159,C,high,high,data/images/train/high/image1675_jpg.rf.c2748a0d6854d2cca5c7cd10f7ea81a0.jpg
160,C,high,high,data/images/train/high/image167_jpg.rf.49ae19d9870231a85dcdec5b5e582359.jpg
161,C,high,high,data/images/train/high/image1691_jpg.rf.07b657f830cc5fe139e7d7c4ca531c4e.jpg
162,C,moderate,high,data/images/train/high/image1694_jpg.rf.f3bb49010be16d2af9f65b439c5e90dd.jpg
163,C,moderate,high,data/images/train/high/image1695-2-_jpg.rf.7facce564149823518ddcc0076aaab0c.jpg
164,C,moderate,high,data/images/train/high/image1697_jpg.rf.f0b69eac2f9f7331943fe628bd3e7fcb.jpg
165,C,high,high,data/images/train/high/image1700_jpg.rf.e43b0d28b6ef773e21209fedb3778b1f.jpg
166,C,moderate,high,data/images/train/high/image1706_jpg.rf.7f625340837209a44667f5018186e29b.jpg
167,C,moderate,high,data/images/train/high/image1734_jpg.rf.3247905d32343afc5d5e63aac57a5c30.jpg
168,C,low,high,data/images/train/high/image173_jpg.rf.f7a664db1f38f819d93e0d68ed6bd2ba.jpg
169,C,moderate,high,data/images/train/high/image1747_jpg.rf.4f533df1722c50a12df9f6a140ac8691.jpg
170,C,junk,high,data/images/train/high/image1757_jpg.rf.bcb7ebfa7d46fb16ba0c517e8c43dcb8.jpg
171,C,moderate,high,data/images/train/high/image175_jpg.rf.aec4bfcaff933950cdb6540e824eae7e.jpg
172,C,moderate,high,data/images/train/high/image1760_jpg.rf.741fe77adb4c12d431e348fdc769677f.jpg
173,C,moderate,high,data/images/train/high/image1764_jpg.rf.2121c756e2ba2ad43509a0bba2e279f7.jpg
174,C,moderate,high,data/images/train/high/image1766_jpg.rf.ab901175b08a4c674dff761cc1ccdbaa.jpg
175,C,moderate,high,data/images/train/high/image176_jpg.rf.8c37889317fff2e5909e0e4a838a2ab1.jpg
176,C,high,high,data/images/train/high/image1775_jpg.rf.989d604a2d62f80b69d5982937ed425a.jpg
176,C,high,high,data/images/train/high/image2441_jpg.rf.eddd5e1d3cf469fdca806b979ae0c4b1.jpg
177,C,moderate,high,data/images/train/high/image1779_jpg.rf.7de5385b50fe348fb1116449301378b8.jpg
178,C,high,high,data/images/train/high/image1783_jpg.rf.60afa63b6dda6efbed3293c7102e78c0.jpg
179,C,moderate,high,data/images/train/high/image1784_jpg.rf.e69ff8aebd24e20387db8e9ebed78eda.jpg
180,C,moderate,high,data/images/train/high/image1785_jpg.rf.5c85833e643222b12ce475cc7cbf94a3.jpg
181,C,moderate,high,data/images/train/high/image1786_jpg.rf.057b866b24cbbfb42e63c102cc79138e.jpg
182,C,moderate,high,data/images/train/high/image1788_jpg.rf.56f53cc02edd828aa4c5e7ce38262c41.jpg
183,C,moderate,high,data/images/train/high/image1794_jpg.rf.03517f1be66dd09a8dd489f6c3bd18cd.jpg
184,C,high,high,data/images/train/high/image1807_jpg.rf.9fea5d958aebb080a0a50ecd03cc9db2.jpg
185,C,high,high,data/images/train/high/image1813_jpg.rf.349395c5305531f0cc1a9687abf2bc32.jpg
186,C,high,high,data/images/train/high/image181_jpg.rf.17f3036e2c6a1e89fca301666a049557.jpg
187,C,moderate,high,data/images/train/high/image1822_jpg.rf.804ce9858379734afebac6dbf781a198.jpg
188,C,junk,high,data/images/train/high/image1828_jpg.rf.9a5ffde64f65e082a23af95446bddd67.jpg
189,C,high,high,data/images/train/high/image1829_jpg.rf.72a5c507d66ab49d1052f9b6b79f28d5.jpg
190,C,high,high,data/images/train/high/image183_jpg.rf.8d9745603d22fcdbd2a042ba6ab2c858.jpg
191,C,high,high,data/images/train/high/image184_jpg.rf.b7c94b97868a5897bebb8b7cbb7feb70.jpg
192,C,high,high,data/images/train/high/image1866_jpg.rf.5033ce54bfc813a5f92fb3d74f8a18d7.jpg
193,C,junk,high,data/images/train/high/image1869_jpg.rf.ba3399a94a87af543e5a277cd8b82b57.jpg
193,C,junk,high,data/images/train/high/image49_jpg.rf.5f76c6f2c2c002ac2f01497ec7702da0.jpg
194,C,high,high,data/images/train/high/image1875_jpg.rf.5b1bfe12bb5ef5b6b5f9f608712d3781.jpg
195,C,moderate,high,data/images/train/high/image1877_jpg.rf.d232acf41e3f19196a265172e750d398.jpg
196,C,junk,high,data/images/train/high/image1882_jpg.rf.85a814c16fbaad0d7fdea06518a56d76.jpg
197,C,high,high,data/images/train/high/image1897_jpg.rf.44ee17a1df7d77d800e578ccae5735ed.jpg
198,C,high,high,data/images/train/high/image18_jpg.rf.4388cd51c5dbee3d9705e76cc4d2a9b5.jpg
199,C,high,high,data/images/train/high/image1901_jpg.rf.1e495880be805bca372c90a628354b8e.jpg
200,C,high,high,data/images/train/high/image1907_jpg.rf.b33370c826f58407f151cd2488d4875c.jpg
202,C,high,high,data/images/train/high/image1922_jpg.rf.9bfd55f22c30ce06cf017756a40e7559.jpg
203,C,low,high,data/images/train/high/image1923_jpg.rf.4570cc085aee8a34e0bdf7ec9bfc8590.jpg
203,C,low,high,data/images/train/high/image798_jpg.rf.153e0cd3441737fe2b12e7d45b155bfd.jpg
204,C,junk,high,data/images/train/high/image1934_jpg.rf.4725c7cc8ca785197e557e10b4ea9648.jpg
204,C,junk,high,data/images/train/high/image99_jpg.rf.8652efeceb42b30d2e0920e6f903524d.jpg
205,C,high,high,data/images/train/high/image1935_jpg.rf.67fe1e13fd692b08110c46e8045c5968.jpg
205,C,high,high,data/images/train/high/image854_jpg.rf.583996353221f8c1053511aa1b19ebe1.jpg
206,C,junk,high,data/images/train/high/image1964_jpg.rf.916b07ba7cfabd2cd406f09e088a72d9.jpg
207,C,high,high,data/images/train/high/image196_jpg.rf.e7586a52430ee66ef48f46a8b46d2065.jpg
209,C,junk,high,data/images/train/high/image1986_jpg.rf.38cedfdb2d9da52871830ce979bd0e2c.jpg
209,C,junk,high,data/images/train/high/image944-2-_jpg.rf.d4d65d57059204417bec81917622cef7.jpg
210,C,high,high,data/images/train/high/image198_jpg.rf.1b8280a7be93be47d27ca12139e8cb3e.jpg
212,C,junk,high,data/images/train/high/image2025_jpg.rf.bfd684f5cc9dc456acf2f40ad0650afe.jpg
213,C,junk,high,data/images/train/high/image2032_jpg.rf.217bdcdf835ef51a3f7191e018af62e8.jpg
214,C,high,high,data/images/train/high/image2079_jpg.rf.cbd042999ab0cc062aad531daa4a26fd.jpg
215,C,junk,high,data/images/train/high/image2111_jpg.rf.840a844451b7f997e1c33b650afeae4e.jpg
216,C,high,high,data/images/train/high/image2130_jpg.rf.cbd2d37860d8d17a8b759d931e4cc8c5.jpg
217,C,high,high,data/images/train/high/image2135_jpg.rf.ec544cf0457bd12a5d04a3da08cbf5fe.jpg
218,C,high,high,data/images/train/high/image2137_jpg.rf.352535fe7b648c2a61849af7ba29b8bf.jpg
219,C,high,high,data/images/train/high/image2138_jpg.rf.705cb43673c0fc6b373613e8c52945ff.jpg
221,C,moderate,high,data/images/train/high/image214_jpg.rf.61879c3857bc7a3637eababc470c9504.jpg
222,C,moderate,high,data/images/train/high/image2154_jpg.rf.429262cf23c6097aec953e12a8f9cb87.jpg
223,C,moderate,high,data/images/train/high/image2163_jpg.rf.086040ed3497e0119f282079723eb256.jpg
226,C,junk,high,data/images/train/high/image2185_jpg.rf.4ae9ebbd3dbc4e154e2fab1e1693162f.jpg
227,C,moderate,high,data/images/train/high/image2189_jpg.rf.b0178b0c40cf4ff989a82b69059cedb6.jpg
228,C,junk,high,data/images/train/high/image2198_jpg.rf.17af9b06f41c78c0af8e1aad3ea4785d.jpg
229,C,high,high,data/images/train/high/image2205_jpg.rf.f23477ffe9afe7d3713fdf803f2bf4da.jpg
229,C,high,high,data/images/train/high/image267_jpg.rf.aade4a231ea53c60f6b14b573f4723e9.jpg
230,C,high,high,data/images/train/high/image2211_jpg.rf.9fe3513cfbdf39b0d0a243be0038e1ac.jpg
231,C,high,high,data/images/train/high/image2214_jpg.rf.dbb5882f7b29d1ad266a07d28c8a4631.jpg
232,C,moderate,high,data/images/train/high/image2260_jpg.rf.b3682fca45754771b016412d757eae8d.jpg
233,C,high,high,data/images/train/high/image2266_jpg.rf.62ea85d3d3d7616f06d0b8b446382e04.jpg
234,C,moderate,high,data/images/train/high/image2270_jpg.rf.1d896791a0a130a363d8c9c48b076b65.jpg
235,C,moderate,high,data/images/train/high/image2273_jpg.rf.b21e745492de8753f5a6fb21203f2ff8.jpg
236,C,moderate,high,data/images/train/high/image2278_jpg.rf.4a92bddc196e9fa72b71fe6cd2cd86d9.jpg
237,C,moderate,high,data/images/train/high/image2279_jpg.rf.54b84b43c5b5bd7a7e062c10c338ef4e.jpg
238,C,high,high,data/images/train/high/image2282_jpg.rf.6d197e6015b45317cb25736711e98796.jpg
239,C,high,high,data/images/train/high/image2283_jpg.rf.670c4ab44f089a16c09ee9434c265a06.jpg
240,C,high,high,data/images/train/high/image2285_jpg.rf.d6aca3441d57276dfc6be1c34b43a31c.jpg
241,C,high,high,data/images/train/high/image2289_jpg.rf.9f5796b4a5ac98bad99ce303cf15a190.jpg
242,C,high,high,data/images/train/high/image2291_jpg.rf.0b89aedbadf770aba1d958959a33bafa.jpg
243,C,high,high,data/images/train/high/image2305_jpg.rf.a18f92e946bca764a9c24269545350a6.jpg
244,C,moderate,high,data/images/train/high/image2326_jpg.rf.6419bf1fa52a5b32896b95258347ab11.jpg
244,C,moderate,high,data/images/train/high/image344_jpg.rf.3394eb9afa8ec147a531662438d9d555.jpg
245,C,high,high,data/images/train/high/image2331_jpg.rf.007c86874baddcd5f8f3f70d2f915172.jpg
245,C,high,high,data/images/train/high/image346_jpg.rf.644915b8c29a6bbdf2f3f12aa78c2430.jpg
246,C,moderate,high,data/images/train/high/image2333_jpg.rf.7f86f5786888f6f83a1ec4b192cff622.jpg
247,C,moderate,high,data/images/train/high/image2336_jpg.rf.7adfc34f1d2801c08a514395b28a555d.jpg
248,C,high,high,data/images/train/high/image2337_jpg.rf.ad590d309c09356c4d653c460fca6e27.jpg
249,C,high,high,data/images/train/high/image2349_jpg.rf.c87d6841949f91845a98687098437abd.jpg
250,C,moderate,high,data/images/train/high/image2351_jpg.rf.b48b36f8e9485ef64b8bfbf77f3c5488.jpg
251,C,high,high,data/images/train/high/image2353_jpg.rf.ce0f425515e93e4e08e740ee8129ff71.jpg
252,C,high,high,data/images/train/high/image2354_jpg.rf.af3af03724d1df84e4f7fd62c4851a8c.jpg
253,C,moderate,high,data/images/train/high/image2356_jpg.rf.2fcff7def86c0b994fefe4aedc552654.jpg
254,C,high,high,data/images/train/high/image2368_jpg.rf.88b1cd444abe2df3f007b49309fd0a04.jpg
255,C,high,high,data/images/train/high/image2369_jpg.rf.9e1209063af3ade332cc750cf37c1595.jpg
256,C,high,high,data/images/train/high/image2376_jpg.rf.af0fef88c8f23cc3117a0d226b5f5bbb.jpg
257,C,junk,high,data/images/train/high/image2381_jpg.rf.b7d17635a43448282d13b3385ebfa302.jpg
258,C,high,high,data/images/train/high/image2397_jpg.rf.9a886061cf74356b6b13953820e10df0.jpg
259,C,high,high,data/images/train/high/image23_jpg.rf.afbfce8a184b033385f248288e02873a.jpg
260,C,junk,high,data/images/train/high/image2405_jpg.rf.4efeb8b2228fb3e39e9e654a3e1a2189.jpg
260,C,junk,high,data/images/train/high/image390_jpg.rf.cf8902397b22715dbcf08eef6cccc964.jpg
261,C,high,high,data/images/train/high/image2406_jpg.rf.08de31d02e4cf35e9f85178c035b5e58.jpg
262,C,high,high,data/images/train/high/image2408_jpg.rf.cb0162608ce3ef8c7081774bcc9fb354.jpg
263,C,moderate,high,data/images/train/high/image2410_jpg.rf.cddd5949be83b5886e9d873bbe0007cc.jpg
264,C,high,high,data/images/train/high/image2416_jpg.rf.b14f4f3a1d751e2efb37494382d6a9e8.jpg
265,C,junk,high,data/images/train/high/image2418_jpg.rf.7d11277c5259a3b166a6cfa7c171a26e.jpg
265,C,junk,high,data/images/train/high/image399_jpg.rf.ba4d29678fcc6cd0af70066324679ccb.jpg
266,C,high,high,data/images/train/high/image2427_jpg.rf.edc220026e9ea342d18347286863cce5.jpg
267,C,high,high,data/images/train/high/image2444_jpg.rf.57e82e38150ec2b06164a439f3d7b07f.jpg
268,C,moderate,high,data/images/train/high/image244_jpg.rf.958782441628851e805262f4d70b07ac.jpg
269,C,moderate,high,data/images/train/high/image2452_jpg.rf.d9557dc8d068c1f172b889d99b47ca82.jpg
270,C,moderate,high,data/images/train/high/image2453_jpg.rf.2c7254a3ae0642448d885a61226c9413.jpg
271,C,high,high,data/images/train/high/image2454_jpg.rf.fecd6e6884d5df7c4a55696d7a1ea84b.jpg
271,C,high,high,data/images/train/high/image420_jpg.rf.16223601e5ea324d146471492bceb995.jpg
272,C,moderate,high,data/images/train/high/image2463_jpg.rf.10396add03b2b01de60edd74bb4b5434.jpg
273,C,high,high,data/images/train/high/image2471_jpg.rf.686341604a2581e350f869741299c16f.jpg
274,C,high,high,data/images/train/high/image2474_jpg.rf.40f20b2d4d21b0e96694d21e43df2a29.jpg
275,C,junk,high,data/images/train/high/image2476_jpg.rf.4b3d24d5cce4b53c9810f65064add526.jpg
276,C,junk,high,data/images/train/high/image2488_jpg.rf.c1e30be09ab0a4070a5e64715ad4881b.jpg
277,C,moderate,high,data/images/train/high/image2493_jpg.rf.d6e77c536a40d1370f3bd2ebdb44c68d.jpg
278,C,high,high,data/images/train/high/image2520_jpg.rf.bf1c301091491afea071a844e322b727.jpg
279,C,moderate,high,data/images/train/high/image2523_jpg.rf.f678466a3139d1fccf434e2a728a1c5a.jpg
280,C,high,high,data/images/train/high/image2535_jpg.rf.a01c4da8d6ae9b91dbbb9775aa24b55f.jpg
281,C,junk,high,data/images/train/high/image2547_jpg.rf.0814bce6c618b42e851b31a975b8db6d.jpg
282,C,high,high,data/images/train/high/image2549_jpg.rf.c6a091035c802ef242b593de583cc822.jpg
283,C,high,high,data/images/train/high/image2555_jpg.rf.cf70125b69728350921e52bc6f08a81f.jpg
284,C,moderate,high,data/images/train/high/image257_jpg.rf.58dec6e1f6e73bfd628025ab26dcb20b.jpg
285,C,high,high,data/images/train/high/image2582_jpg.rf.c31191fd0a6b5124abc2b00e51085a29.jpg
286,C,high,high,data/images/train/high/image258_jpg.rf.bfe0d376638b509663dfbb27d24ebf9a.jpg
287,C,high,high,data/images/train/high/image259_jpg.rf.acdb7f33cafef20e4fd2aa313288986f.jpg
288,C,high,high,data/images/train/high/image288_jpg.rf.0b4bfda5e35d4813d1235a093f1d0a86.jpg
289,C,moderate,high,data/images/train/high/image28_jpg.rf.353434f19b6b46b1a8957911bc60fbd4.jpg
290,C,moderate,high,data/images/train/high/image294_jpg.rf.5cfbe044054f37ff75ce86e24d8a415d.jpg
291,C,high,high,data/images/train/high/image29_jpg.rf.f72cc10024c77230a65679cdb294f536.jpg
292,C,moderate,high,data/images/train/high/image305_jpg.rf.f8c0e3a9728400a0718b2d030a965302.jpg
293,C,moderate,high,data/images/train/high/image318_jpg.rf.0eca3be3989ad92549388decd2fdda37.jpg
294,C,high,high,data/images/train/high/image331_jpg.rf.09208ae79c777b1baf53a920a1f022ef.jpg
295,C,moderate,high,data/images/train/high/image334_jpg.rf.ae8effa1770386623dbb93b44bb0c50c.jpg
296,C,high,high,data/images/train/high/image338_jpg.rf.1008815ccfa92b4c205771651a8abb65.jpg
297,C,moderate,high,data/images/train/high/image341_jpg.rf.b867fca58335b5a268432fdffcbc0a19.jpg
298,C,high,high,data/images/train/high/image350_jpg.rf.e4253659d9a7f483b22747560c7336a7.jpg
299,C,moderate,high,data/images/train/high/image353_jpg.rf.fe8c7de30cb5cf1f14f2c169103e0835.jpg
300,C,moderate,high,data/images/train/high/image356_jpg.rf.064abf32b894c1576b05e4f6990dad6f.jpg
301,C,moderate,high,data/images/train/high/image358_jpg.rf.7c39d38fdbdb93e47cc656bb172a5204.jpg
302,C,moderate,high,data/images/train/high/image367_jpg.rf.a767f0cb6035aa6d63bf4048449ca964.jpg
303,C,moderate,high,data/images/train/high/image368_jpg.rf.6f2365896fa533556e93bf7861d4d7d5.jpg
304,C,junk,high,data/images/train/high/image379_jpg.rf.8cd2a621c488080019366d566c43066d.jpg
305,C,junk,high,data/images/train/high/image388_jpg.rf.f48c502f6ec25ce872b6ce231a332507.jpg
306,C,junk,high,data/images/train/high/image391_jpg.rf.95cc062787a17cc3c0ed93a6840f39a6.jpg
307,C,junk,high,data/images/train/high/image394_jpg.rf.0c2ba0e4d71bea1d1e98e596ca2faa1e.jpg
307,C,junk,high,data/images/train/high/image677_jpg.rf.45625cd4709fabdab0d0d7c19314d21b.jpg
308,C,high,high,data/images/train/high/image39_jpg.rf.2d53cb2b760094378e1c17fd53b38947.jpg
309,C,high,high,data/images/train/high/image409_jpg.rf.3e1b3c243c6e2cf39352fd13f750b535.jpg
310,C,junk,high,data/images/train/high/image413_jpg.rf.d4a6604b948d8aab2fc50ac722542f81.jpg
311,C,high,high,data/images/train/high/image414_jpg.rf.d7e5a4189fcd014ae469b4f02d46fd6e.jpg
312,C,high,high,data/images/train/high/image430_jpg.rf.991144eb36404c3dcc7c0e049ec7bf43.jpg
313,C,high,high,data/images/train/high/image440_jpg.rf.f1cb97815010c3f67dd107d143f09868.jpg
314,C,high,high,data/images/train/high/image446_jpg.rf.579150feecf6a0ab38cc43e776ef2b7d.jpg
315,C,high,high,data/images/train/high/image459_jpg.rf.81528beb01b14f78b6741ed28fd45eca.jpg
316,C,moderate,high,data/images/train/high/image473_jpg.rf.a24f7581e119dd940c0b7bf1c2e317d5.jpg
317,C,high,high,data/images/train/high/image477_jpg.rf.f6ffaece9911d0df2b718b9ad7decdff.jpg
318,C,moderate,high,data/images/train/high/image482_jpg.rf.466046f42cfc79d0ff95bfda9a21a185.jpg
319,C,moderate,high,data/images/train/high/image485_jpg.rf.42fce3c5b01db08d4d7a12709b5fe522.jpg
320,C,moderate,high,data/images/train/high/image486_jpg.rf.6093e2f420dc1464e2b2d7dba2a29eaf.jpg
321,C,high,high,data/images/train/high/image48_jpg.rf.823993bd5cfb09fbdd3fc8c01f1ca4d9.jpg
322,C,high,high,data/images/train/high/image49-2-_jpg.rf.0d4d29732a83f003dffe4665978fb53b.jpg
323,C,high,high,data/images/train/high/image490_jpg.rf.da04c79b6b09dc0438ca039de4e0630a.jpg
324,C,junk,high,data/images/train/high/image491_jpg.rf.5ac593f364d77054b6fe84f50a235acc.jpg
325,C,junk,high,data/images/train/high/image500_jpg.rf.b77d4440f90b4f9cbaad5da3e57f2e28.jpg
326,C,moderate,high,data/images/train/high/image501_jpg.rf.e0d628b0ee27532ee4043fa15ce31c9a.jpg
327,C,high,high,data/images/train/high/image513_jpg.rf.511fac4c9fa85a0eb0c0929834435c5b.jpg
328,C,high,high,data/images/train/high/image515_jpg.rf.5a55ccfe272225fad422fa3513e83a97.jpg
330,C,moderate,high,data/images/train/high/image55_jpg.rf.94a937906da7c656f895d10ef639cb0a.jpg
331,C,high,high,data/images/train/high/image56_jpg.rf.93ff33affdd3b989cb1afe74909772a8.jpg
332,C,moderate,high,data/images/train/high/image583_jpg.rf.159516629fc46441e11dad4a8967b942.jpg
333,C,high,high,data/images/train/high/image5_jpg.rf.ededb21989f35717c4e6ad64edeb6b43.jpg
334,C,junk,high,data/images/train/high/image602_jpg.rf.5b6732630aa1dcb62d2d6b4ab474c0c3.jpg
335,C,moderate,high,data/images/train/high/image60_jpg.rf.9d88b15006b96c1c90d54303a04c33e6.jpg
336,C,high,high,data/images/train/high/image611_jpg.rf.43949289fe7c312a93cc359b337a2c31.jpg
337,C,low,high,data/images/train/high/image615_jpg.rf.32b447ff5dff47e11d56105b56062bd7.jpg
338,C,moderate,high,data/images/train/high/image61_jpg.rf.711b85fad545637491a2ff19387d014b.jpg
339,C,moderate,high,data/images/train/high/image622_jpg.rf.186b2a828d9292d9c50637a5553acf18.jpg
340,C,moderate,high,data/images/train/high/image623_jpg.rf.f23a7d7571b5326a11497a418fd31ed5.jpg
341,C,moderate,high,data/images/train/high/image624-2-_jpg.rf.0df716db43f4b2dc253b333e5e9a2f22.jpg
342,C,high,high,data/images/train/high/image624_jpg.rf.a68f0de5318f824c13af2de1112d35b0.jpg
343,C,junk,high,data/images/train/high/image630_jpg.rf.f3d617245aa565dbd490ef0f42d875bb.jpg
344,C,high,high,data/images/train/high/image638_jpg.rf.ff7a4c3547db07886c1426bcdf5e277e.jpg
345,C,high,high,data/images/train/high/image643_jpg.rf.f6f0085faa696752a40946c8e06bdb64.jpg
346,C,junk,high,data/images/train/high/image647-2-_jpg.rf.df9fdf289733dfc146873007886efdfa.jpg
347,C,high,high,data/images/train/high/image647_jpg.rf.cb462a8a34aff072e07c69ab1b02c492.jpg
348,C,high,high,data/images/train/high/image648_jpg.rf.85998b00cc866a7481b9135f29e4a3ff.jpg
349,C,high,high,data/images/train/high/image650_jpg.rf.c81804015088dc4ca9b3617a76a52b61.jpg
350,C,high,high,data/images/train/high/image652_jpg.rf.ea781b48cbe19ba1abaf3fa4b27ec9b7.jpg
351,C,high,high,data/images/train/high/image658_jpg.rf.0f1c95540ae77a73f423e94bc1178214.jpg
352,C,high,high,data/images/train/high/image660_jpg.rf.d5b645d3f6c3bdd470ba4c0436ef9fb6.jpg
353,C,high,high,data/images/train/high/image664_jpg.rf.3bd236d2950c01b9bbab907fcaac7497.jpg
354,C,high,high,data/images/train/high/image666_jpg.rf.b6a262df6749546d58abb6c724564ffc.jpg
355,C,high,high,data/images/train/high/image667_jpg.rf.42fcb760757cff6035928ba4abf5637f.jpg
356,C,high,high,data/images/train/high/image668_jpg.rf.a14caae0af58c01a510f2746e1d7ef1a.jpg
357,C,high,high,data/images/train/high/image670_jpg.rf.62a5340603362eb62e90ee977fce10b7.jpg
358,C,high,high,data/images/train/high/image675_jpg.rf.3932db21294ac50f6eddeca8c095032c.jpg
359,C,junk,high,data/images/train/high/image676_jpg.rf.b54bf171665652fd3c30bbb9aeeeb2ee.jpg
360,C,moderate,high,data/images/train/high/image679-2-_jpg.rf.3e854f68d065bf2d9986ce2e82898103.jpg
361,C,high,high,data/images/train/high/image679_jpg.rf.7221fd8f8e4aee4c9740043d3b917812.jpg
362,C,junk,high,data/images/train/high/image685_jpg.rf.3045defda01c8fae9dfb3bffdfe215df.jpg
363,C,junk,high,data/images/train/high/image686_jpg.rf.234bb189a41c456b50ff7f859eb93f4b.jpg
364,C,high,high,data/images/train/high/image690_jpg.rf.e93fd8c9bdcb1d836c0a8df31c45b23d.jpg
365,C,moderate,high,data/images/train/high/image694-2-_jpg.rf.a10bd7ee1484373acd3307f31c6d9b76.jpg
366,C,moderate,high,data/images/train/high/image694_jpg.rf.a1c0b2520d8a934d60901c2ea52d653e.jpg
367,C,junk,high,data/images/train/high/image695_jpg.rf.a59fd6bb82617a2eda47354daf17bd50.jpg
368,C,high,high,data/images/train/high/image696_jpg.rf.588eb7ddd030d66c2c09fd00987c2992.jpg
369,C,high,high,data/images/train/high/image697_jpg.rf.29778b224a80f4daa5957c8fe2ba8675.jpg
370,C,moderate,high,data/images/train/high/image698_jpg.rf.d7c2654bec09338504d2c18ab0e526fe.jpg
371,C,high,high,data/images/train/high/image699_jpg.rf.7ce6dabb7d98a9f5aed7d0870d069265.jpg
372,C,high,high,data/images/train/high/image701_jpg.rf.213086fb5e9c0448ab12f1e42358edba.jpg
373,C,high,high,data/images/train/high/image70_jpg.rf.4530c0dbc2e6d07748ab0927d8651321.jpg
374,C,high,high,data/images/train/high/image712_jpg.rf.8e35f0d362582f2e40ba339ce8c3cc49.jpg
375,C,high,high,data/images/train/high/image713_jpg.rf.1882f0d32dbaee19363445516879a0db.jpg
376,C,moderate,high,data/images/train/high/image716_jpg.rf.e587a4ff2a3cf80815b086ddaef42e23.jpg
377,C,moderate,high,data/images/train/high/image717-2-_jpg.rf.13ef167cc3713fe49b2124653d770e80.jpg
378,C,high,high,data/images/train/high/image717_jpg.rf.97fb0fe88046d3dc57a982db52f5d417.jpg
379,C,moderate,high,data/images/train/high/image737_jpg.rf.1a92e98b902c0b391490b1fcf49b62af.jpg
380,C,moderate,high,data/images/train/high/image749_jpg.rf.60b77dd3a94e3d1ba2d12f1987d0600c.jpg
381,C,high,high,data/images/train/high/image756_jpg.rf.188d22c90ab485c333bea877163c99d6.jpg
382,C,moderate,high,data/images/train/high/image75_jpg.rf.df7428e17ccc954114b00949f014498c.jpg
383,C,high,high,data/images/train/high/image760_jpg.rf.c750abd8af6592295cc3861d60b703b4.jpg
384,C,high,high,data/images/train/high/image761_jpg.rf.7df2fa2d62a53113c725759fc737cf67.jpg
385,C,high,high,data/images/train/high/image764_jpg.rf.bdc27821f2ed813702f1c5fe6da4acd0.jpg
386,C,junk,high,data/images/train/high/image777_jpg.rf.e872d188ed1965c482c3626a897af1a5.jpg
387,C,moderate,high,data/images/train/high/image784_jpg.rf.cdcf665bce268524baba6a1f3b212cd2.jpg
388,C,high,high,data/images/train/high/image787_jpg.rf.1f87c08b6e539c432ecd952ba150fe84.jpg
389,C,high,high,data/images/train/high/image788_jpg.rf.c359bace1201af5c565f9e750dbbb140.jpg
390,C,moderate,high,data/images/train/high/image796_jpg.rf.63bd1c512a1add4fc81372df89db6937.jpg
391,C,junk,high,data/images/train/high/image802_jpg.rf.dbe4349f314b2c3b745558a7b187c8b2.jpg
392,C,moderate,high,data/images/train/high/image803_jpg.rf.4e344677b12e1729a6a9c79659f18a3c.jpg
393,C,moderate,high,data/images/train/high/image807_jpg.rf.fa44404a0b8c738159c930dfe8f1b682.jpg
394,C,low,high,data/images/train/high/image808_jpg.rf.44dd33c56c49c80d4d402dd4d674349c.jpg
395,C,moderate,high,data/images/train/high/image80_jpg.rf.57ef68316cfe7663b3a422625dbef72d.jpg
396,C,moderate,high,data/images/train/high/image810_jpg.rf.b8300e6af06ead35c87b528f872a1007.jpg
397,C,high,high,data/images/train/high/image815_jpg.rf.ebe156b0d38e904309ed53c9dcaf1365.jpg
398,C,moderate,high,data/images/train/high/image817_jpg.rf.8139270138c07a2ff040aff7f2330c12.jpg
399,C,junk,high,data/images/train/high/image820_jpg.rf.893644784b97d3d852ef908a7a14d9b5.jpg
400,C,junk,high,data/images/train/high/image822_jpg.rf.a05efbdaf0ff4e912b3455818fe71ca8.jpg
401,C,high,high,data/images/train/high/image827_jpg.rf.bb8201be46a52030eadc1d66615e4634.jpg
401,C,high,high,data/images/train/high/image989_jpg.rf.9e6d11cc63741f38be13283db865c961.jpg
402,C,high,high,data/images/train/high/image828_jpg.rf.22aa2957df26782bfaff4761017d78d6.jpg
403,C,high,high,data/images/train/high/image829_jpg.rf.8ccf4ba5325e528386f1e3c40a0dadc8.jpg
404,C,high,high,data/images/train/high/image830_jpg.rf.55aeafcf48118123231a9f8a15a52d3b.jpg
405,C,high,high,data/images/train/high/image839_jpg.rf.b695d828320ed43425a97955c650f07f.jpg
406,C,moderate,high,data/images/train/high/image848_jpg.rf.775ecd9f167c6ee3ed21c2340c3f1f92.jpg
407,C,high,high,data/images/train/high/image852-2-_jpg.rf.7594f7311b6d521ea8a834a8f2c410d7.jpg
408,C,high,high,data/images/train/high/image852_jpg.rf.dcbaed251edde32398f93d3b9d9a1203.jpg
409,C,high,high,data/images/train/high/image859_jpg.rf.5199d67fa6511487cc8180055866e9dc.jpg
410,C,moderate,high,data/images/train/high/image860_jpg.rf.c47ff1ed456ee125ca74308d0d447702.jpg
411,C,high,high,data/images/train/high/image863_jpg.rf.3684c58532bcc430e2435f6473f3307b.jpg
412,C,junk,high,data/images/train/high/image864_jpg.rf.6146cd08ef6e6901ba3c069be911ee6b.jpg
413,C,junk,high,data/images/train/high/image866_jpg.rf.f6e548246ca7c52c546b1be5bcfbf403.jpg
414,C,high,high,data/images/train/high/image885_jpg.rf.5bbd6129821c3928cea9402c894898dc.jpg
415,C,moderate,high,data/images/train/high/image890_jpg.rf.76d89d4148255f366a5c8896359688ff.jpg
416,C,high,high,data/images/train/high/image892_jpg.rf.4525c711d5953894c8133346c2fc3564.jpg
418,C,high,high,data/images/train/high/image905_jpg.rf.7f03cb75abe4d14c05160acfcc253c7c.jpg
419,C,junk,high,data/images/train/high/image910_jpg.rf.04aa7c5150fa23662a7970bc35d661f6.jpg
420,C,moderate,high,data/images/train/high/image917_jpg.rf.5d23a679aff33fefd11d324b679fe5e0.jpg
421,C,junk,high,data/images/train/high/image921_jpg.rf.f1ab156f5aaaa02e9f5c03040a19976a.jpg
422,C,junk,high,data/images/train/high/image922_jpg.rf.83bebe089bf5c3df4c0ce53192abd254.jpg
423,C,high,high,data/images/train/high/image92_jpg.rf.6c803a44ce5cc63def99242df8fc3998.jpg
424,C,moderate,high,data/images/train/high/image93-2-_jpg.rf.566099ac57e21d761119d223a22cfad1.jpg
425,C,moderate,high,data/images/train/high/image932_jpg.rf.895268ed8e57e7b314f15011e5d85aad.jpg
426,C,moderate,high,data/images/train/high/image93_jpg.rf.59fb6e6024e6951942ba6f17f9bc43c1.jpg
427,C,high,high,data/images/train/high/image942_jpg.rf.85c7be7887df7db4fa58e491e08d048b.jpg
428,C,high,high,data/images/train/high/image944_jpg.rf.6d5fdea4fd9e2902510554fc40b4f75b.jpg
429,C,high,high,data/images/train/high/image946_jpg.rf.08625b905bf7fb6f00d723f945591c61.jpg
430,C,moderate,high,data/images/train/high/image947-2-_jpg.rf.6cd51fe9daf66af161eaf0ac4f0fc476.jpg
431,C,high,high,data/images/train/high/image947_jpg.rf.ea3822bc2daa12d440764bc86b329ea7.jpg
432,C,moderate,high,data/images/train/high/image948_jpg.rf.0c04564f9d60c903d7750e803d093acc.jpg
433,C,moderate,high,data/images/train/high/image953_jpg.rf.e344030451e3a4a5e1736080361fd388.jpg
434,C,high,high,data/images/train/high/image965_jpg.rf.bd7ee2dc74f62c9a9e6777b80a59dadd.jpg
435,C,moderate,high,data/images/train/high/image997_jpg.rf.2f95dcc5d7be07f497f7d03f4067bfa1.jpg
436,C,high,high,data/images/train/high/image9_jpg.rf.a8cd9581420d85acf85593229afc0e46.jpg
